,orig_ndex,correct,result_file
0,50891,False,Zygochlamys
1,50892,True,Zygochlamys
2,50893,False,Zygochlamys
3,50894,True,Zygochlamys
4,50895,False,Zygochlamys
5,52620,True,Zirfaea
6,52621,True,Zirfaea
7,52622,True,Zirfaea
8,52623,False,Zirfaea
9,52624,False,Zirfaea
10,52625,True,Zirfaea
11,52626,False,Zirfaea
12,52627,True,Zirfaea
13,52628,True,Zirfaea
14,52629,True,Zirfaea
15,67963,False,Zemysina
16,67964,True,Zemysina
17,67965,False,Zemysina
18,67966,False,Zemysina
19,67967,False,Zemysina
20,67825,False,Zemysia
21,67826,True,Zemysia
22,67827,True,Zemysia
23,67828,True,Zemysia
24,67829,True,Zemysia
25,67830,False,Zemysia
26,67831,True,Zemysia
27,67832,False,Zemysia
28,67833,True,Zemysia
29,67834,True,Zemysia
30,67835,True,Zemysia
31,67836,True,Zemysia
32,67837,False,Zemysia
33,67838,True,Zemysia
34,67839,False,Zemysia
35,67840,False,Zemysia
36,67841,True,Zemysia
37,67842,True,Zemysia
38,67843,True,Zemysia
39,67844,True,Zemysia
40,67845,True,Zemysia
41,67846,True,Zemysia
42,73676,False,Yoldia
43,73677,False,Yoldia
44,50763,False,Ylistrum
45,50764,False,Ylistrum
46,50765,True,Ylistrum
47,50766,False,Ylistrum
48,50767,False,Ylistrum
49,50768,False,Ylistrum
50,50769,False,Ylistrum
51,50770,True,Ylistrum
52,50771,False,Ylistrum
53,50772,True,Ylistrum
54,50773,False,Ylistrum
55,50774,False,Ylistrum
56,50775,False,Ylistrum
57,50776,False,Ylistrum
58,50777,True,Ylistrum
59,50778,True,Ylistrum
60,50779,False,Ylistrum
61,50780,True,Ylistrum
62,50781,True,Ylistrum
63,50782,False,Ylistrum
64,37172,False,Xenostrobus
65,37173,False,Xenostrobus
66,37174,True,Xenostrobus
67,37175,True,Xenostrobus
68,37176,False,Xenostrobus
69,37177,True,Xenostrobus
70,37178,True,Xenostrobus
71,37179,False,Xenostrobus
72,37180,False,Xenostrobus
73,37181,True,Xenostrobus
74,37182,False,Xenostrobus
75,37183,True,Xenostrobus
76,4865,True,Xenophorarca
77,4866,False,Xenophorarca
78,4867,True,Xenophorarca
79,4868,False,Xenophorarca
80,4869,False,Xenophorarca
81,72965,False,Wareniconcha
82,72966,True,Wareniconcha
83,72967,False,Wareniconcha
84,72968,True,Wareniconcha
85,50737,True,Volachlamys
86,50738,False,Volachlamys
87,50739,False,Volachlamys
88,50740,True,Volachlamys
89,50741,False,Volachlamys
90,50742,False,Volachlamys
91,50743,False,Volachlamys
92,50744,True,Volachlamys
93,50745,False,Volachlamys
94,50746,False,Volachlamys
95,50747,True,Volachlamys
96,50748,True,Volachlamys
97,50749,False,Volachlamys
98,50750,True,Volachlamys
99,50751,True,Volachlamys
100,50752,False,Volachlamys
101,50753,True,Volachlamys
102,50754,True,Volachlamys
103,50755,True,Volachlamys
104,50756,True,Volachlamys
105,50757,False,Volachlamys
106,50758,False,Volachlamys
107,50759,True,Volachlamys
108,50760,False,Volachlamys
109,50761,False,Volachlamys
110,50762,False,Volachlamys
111,37141,True,Vilasina
112,37142,False,Vilasina
113,37143,True,Vilasina
114,72954,True,Vesicomya
115,72955,False,Vesicomya
116,72956,True,Vesicomya
117,72957,True,Vesicomya
118,72779,False,Verticordia
119,37841,False,Verilarca
120,37842,False,Verilarca
121,50608,False,Veprichlamys
122,11065,False,Vepricardium
123,11066,True,Vepricardium
124,72661,False,Venus
125,72662,False,Venus
126,72663,True,Venus
127,72664,True,Venus
128,72665,False,Venus
129,72609,True,Venerupis
130,72610,True,Venerupis
131,72611,False,Venerupis
132,72612,False,Venerupis
133,72613,False,Venerupis
134,72614,True,Venerupis
135,72615,False,Venerupis
136,72616,True,Venerupis
137,72617,False,Venerupis
138,14587,True,Varicorbula
139,14588,True,Varicorbula
140,14589,True,Varicorbula
141,66403,True,Uperotus
142,28672,False,Troendleina
143,28673,True,Troendleina
144,28674,False,Troendleina
145,28675,True,Troendleina
146,28676,True,Troendleina
147,28677,False,Troendleina
148,28678,True,Troendleina
149,28679,False,Troendleina
150,28680,False,Troendleina
151,28681,True,Troendleina
152,4729,True,Trisidos
153,4730,False,Trisidos
154,4731,False,Trisidos
155,4732,False,Trisidos
156,4733,True,Trisidos
157,4734,False,Trisidos
158,4735,True,Trisidos
159,4736,True,Trisidos
160,4737,True,Trisidos
161,4738,False,Trisidos
162,4739,False,Trisidos
163,4740,False,Trisidos
164,4741,False,Trisidos
165,4742,False,Trisidos
166,4743,False,Trisidos
167,4744,False,Trisidos
168,4745,False,Trisidos
169,4746,False,Trisidos
170,4747,False,Trisidos
171,4748,False,Trisidos
172,4749,False,Trisidos
173,4750,False,Trisidos
174,4751,False,Trisidos
175,4752,False,Trisidos
176,4753,False,Trisidos
177,4754,False,Trisidos
178,4755,True,Trisidos
179,4756,False,Trisidos
180,4757,False,Trisidos
181,4758,True,Trisidos
182,72746,False,Trigonulina
183,72747,False,Trigonulina
184,10329,False,Trigoniocardia
185,10330,True,Trigoniocardia
186,10331,True,Trigoniocardia
187,10332,True,Trigoniocardia
188,10333,True,Trigoniocardia
189,10311,True,Tridacna
190,10312,True,Tridacna
191,31359,True,Tresus
192,31360,True,Tresus
193,67444,False,Trapezium
194,67445,False,Trapezium
195,67446,True,Trapezium
196,67447,False,Trapezium
197,67448,True,Trapezium
198,67449,True,Trapezium
199,67450,True,Trapezium
200,67451,True,Trapezium
201,67452,False,Trapezium
202,67453,False,Trapezium
203,67454,True,Trapezium
204,67455,True,Trapezium
205,67456,True,Trapezium
206,67457,True,Trapezium
207,67458,True,Trapezium
208,67459,False,Trapezium
209,67460,False,Trapezium
210,67461,True,Trapezium
211,67462,True,Trapezium
212,67463,True,Trapezium
213,67464,False,Trapezium
214,67465,True,Trapezium
215,67466,False,Trapezium
216,67467,False,Trapezium
217,67468,False,Trapezium
218,67469,True,Trapezium
219,67761,False,Transkeia
220,72533,False,Transennella
221,72534,True,Transennella
222,10245,True,Trachycardium
223,10246,False,Trachycardium
224,10247,False,Trachycardium
225,66322,False,Tonganaella
226,66323,True,Tonganaella
227,66324,True,Tonganaella
228,66325,True,Tonganaella
229,66326,True,Tonganaella
230,66327,True,Tonganaella
231,66328,True,Tonganaella
232,66329,False,Tonganaella
233,66330,True,Tonganaella
234,66331,True,Tonganaella
235,66332,False,Tonganaella
236,66333,True,Tonganaella
237,72470,False,Tivela
238,72471,True,Tivela
239,67757,False,Timothynus
240,67758,True,Timothynus
241,72236,False,Timoclea
242,57976,False,Theora
243,57977,False,Theora
244,66401,False,Teredora
245,66402,False,Teredora
246,66390,True,Teredo
247,66391,False,Teredo
248,66392,True,Teredo
249,66393,True,Teredo
250,66394,True,Teredo
251,66300,False,Temnoconcha
252,66296,True,Tellinota
253,66297,True,Tellinota
254,66128,False,Tellinides
255,66129,True,Tellinides
256,66130,True,Tellinides
257,66131,True,Tellinides
258,66104,True,Tellinella
259,66105,False,Tellinella
260,65827,True,Tellina
261,65828,True,Tellina
262,23451,False,Tellimya
263,23452,True,Tellimya
264,23453,False,Tellimya
265,23454,False,Tellimya
266,23455,True,Tellimya
267,23456,True,Tellimya
268,23457,False,Tellimya
269,65682,False,Tellidora
270,65683,True,Tellidora
271,4691,True,Tegillarca
272,4692,True,Tegillarca
273,4693,True,Tegillarca
274,4694,False,Tegillarca
275,4695,True,Tegillarca
276,4696,False,Tegillarca
277,4697,False,Tegillarca
278,4698,True,Tegillarca
279,4699,True,Tegillarca
280,4700,True,Tegillarca
281,4701,False,Tegillarca
282,4702,False,Tegillarca
283,4703,False,Tegillarca
284,4704,False,Tegillarca
285,4705,True,Tegillarca
286,4706,True,Tegillarca
287,4707,False,Tegillarca
288,4708,False,Tegillarca
289,4709,True,Tegillarca
290,4710,True,Tegillarca
291,4711,True,Tegillarca
292,4712,False,Tegillarca
293,4713,True,Tegillarca
294,4714,True,Tegillarca
295,4715,True,Tegillarca
296,4716,True,Tegillarca
297,4717,True,Tegillarca
298,4718,True,Tegillarca
299,4719,True,Tegillarca
300,4720,True,Tegillarca
301,4721,True,Tegillarca
302,4722,True,Tegillarca
303,4723,True,Tegillarca
304,4724,False,Tegillarca
305,4725,True,Tegillarca
306,4726,True,Tegillarca
307,28654,True,Taylorina
308,28655,False,Taylorina
309,28656,True,Taylorina
310,28657,True,Taylorina
311,72166,False,Tawera
312,72127,False,Tapes
313,72128,True,Tapes
314,65667,True,Tampaella
315,65668,True,Tampaella
316,65669,False,Tampaella
317,65670,False,Tampaella
318,65671,False,Tampaella
319,65672,True,Tampaella
320,50476,True,Talochlamys
321,50477,False,Talochlamys
322,58391,False,Tagelus
323,58392,True,Tagelus
324,58393,False,Tagelus
325,58394,True,Tagelus
326,65582,False,Sylvanus
327,65583,False,Sylvanus
328,65584,True,Sylvanus
329,65585,False,Sylvanus
330,65586,False,Sylvanus
331,65587,True,Sylvanus
332,65588,False,Sylvanus
333,65589,True,Sylvanus
334,65590,True,Sylvanus
335,65591,False,Sylvanus
336,65592,True,Sylvanus
337,72096,True,Sunetta
338,72097,True,Sunetta
339,41229,True,Striostrea
340,41230,True,Striostrea
341,41231,True,Striostrea
342,41232,True,Striostrea
343,41233,False,Striostrea
344,65571,True,Strigilla
345,65572,False,Strigilla
346,65573,False,Strigilla
347,65574,True,Strigilla
348,37740,False,Striarca
349,37741,False,Striarca
350,37742,True,Striarca
351,37743,False,Striarca
352,37744,False,Striarca
353,37745,True,Striarca
354,37746,True,Striarca
355,37747,False,Striarca
356,37748,False,Striarca
357,37749,False,Striarca
358,37750,True,Striarca
359,37751,False,Striarca
360,37752,True,Striarca
361,37753,True,Striarca
362,37754,False,Striarca
363,37755,True,Striarca
364,37756,True,Striarca
365,37757,False,Striarca
366,37758,True,Striarca
367,37759,True,Striarca
368,37760,False,Striarca
369,37761,False,Striarca
370,37762,False,Striarca
371,37763,False,Striarca
372,37764,False,Striarca
373,37765,False,Striarca
374,37766,False,Striarca
375,37767,False,Striarca
376,37768,False,Striarca
377,37769,False,Striarca
378,37770,False,Striarca
379,37771,False,Striarca
380,37772,False,Striarca
381,37773,False,Striarca
382,31335,True,Spisula
383,31336,True,Spisula
384,72744,True,Spinosipella
385,72745,True,Spinosipella
386,32934,True,Sphenia
387,18719,False,Spengleria
388,50306,True,Spathochlamys
389,50307,False,Spathochlamys
390,50308,True,Spathochlamys
391,50309,False,Spathochlamys
392,58958,True,Solena
393,58516,False,Solemya
394,58517,False,Solemya
395,58231,False,Solecurtus
396,58232,True,Solecurtus
397,58233,False,Solecurtus
398,58234,True,Solecurtus
399,58235,True,Solecurtus
400,58236,True,Solecurtus
401,58237,False,Solecurtus
402,37043,False,Solamen
403,37044,False,Solamen
404,51843,True,Sinupharus
405,30837,False,Simomactra
406,30838,False,Simomactra
407,30839,True,Simomactra
408,30840,True,Simomactra
409,30841,True,Simomactra
410,30842,False,Simomactra
411,30843,False,Simomactra
412,30844,True,Simomactra
413,30845,True,Simomactra
414,30846,False,Simomactra
415,30847,True,Simomactra
416,30848,True,Simomactra
417,30849,True,Simomactra
418,30850,True,Simomactra
419,30851,True,Simomactra
420,30852,False,Simomactra
421,54838,True,Similipecten
422,54839,True,Similipecten
423,54840,True,Similipecten
424,54841,False,Similipecten
425,51775,True,Siliqua
426,51776,False,Siliqua
427,37590,False,Sheldonella
428,37591,False,Sheldonella
429,10151,False,Serripes
430,10152,True,Serripes
431,50230,True,Serratovola
432,65392,True,Serratina
433,65393,True,Serratina
434,65394,True,Serratina
435,65395,False,Serratina
436,37002,True,Septifer
437,37003,False,Septifer
438,50210,True,Semipallium
439,50211,False,Semipallium
440,36835,False,Semimytilus
441,36836,True,Semimytilus
442,36837,True,Semimytilus
443,36838,False,Semimytilus
444,65288,True,Semelangulus
445,65228,True,Scutarcopagia
446,65229,True,Scutarcopagia
447,65230,False,Scutarcopagia
448,65231,False,Scutarcopagia
449,65232,True,Scutarcopagia
450,65233,True,Scutarcopagia
451,65234,False,Scutarcopagia
452,65235,True,Scutarcopagia
453,65236,True,Scutarcopagia
454,65237,False,Scutarcopagia
455,65238,False,Scutarcopagia
456,65239,True,Scutarcopagia
457,65240,True,Scutarcopagia
458,65241,True,Scutarcopagia
459,65242,False,Scutarcopagia
460,65243,True,Scutarcopagia
461,65244,False,Scutarcopagia
462,65245,True,Scutarcopagia
463,65246,True,Scutarcopagia
464,65247,True,Scutarcopagia
465,65248,True,Scutarcopagia
466,65249,False,Scutarcopagia
467,65250,True,Scutarcopagia
468,65251,False,Scutarcopagia
469,65252,True,Scutarcopagia
470,65253,False,Scutarcopagia
471,65254,True,Scutarcopagia
472,65255,False,Scutarcopagia
473,65256,True,Scutarcopagia
474,65257,True,Scutarcopagia
475,65258,True,Scutarcopagia
476,65259,True,Scutarcopagia
477,65260,True,Scutarcopagia
478,65261,True,Scutarcopagia
479,65262,True,Scutarcopagia
480,65263,False,Scutarcopagia
481,65264,True,Scutarcopagia
482,65265,False,Scutarcopagia
483,65266,True,Scutarcopagia
484,65267,True,Scutarcopagia
485,65268,True,Scutarcopagia
486,65269,False,Scutarcopagia
487,65270,False,Scutarcopagia
488,65271,True,Scutarcopagia
489,65272,False,Scutarcopagia
490,65273,True,Scutarcopagia
491,65274,False,Scutarcopagia
492,65275,True,Scutarcopagia
493,57430,False,Scrobicularia
494,57431,False,Scrobicularia
495,57432,True,Scrobicularia
496,57433,False,Scrobicularia
497,57434,True,Scrobicularia
498,57435,True,Scrobicularia
499,57436,True,Scrobicularia
500,57437,True,Scrobicularia
501,57438,True,Scrobicularia
502,57439,False,Scrobicularia
503,57440,True,Scrobicularia
504,57441,True,Scrobicularia
505,57442,False,Scrobicularia
506,57443,False,Scrobicularia
507,57444,False,Scrobicularia
508,57445,False,Scrobicularia
509,57446,True,Scrobicularia
510,57447,False,Scrobicularia
511,57448,True,Scrobicularia
512,57449,True,Scrobicularia
513,57450,True,Scrobicularia
514,57451,False,Scrobicularia
515,57452,False,Scrobicularia
516,57453,True,Scrobicularia
517,57454,True,Scrobicularia
518,57455,True,Scrobicularia
519,57456,False,Scrobicularia
520,57457,True,Scrobicularia
521,57458,True,Scrobicularia
522,57459,True,Scrobicularia
523,57460,True,Scrobicularia
524,57461,True,Scrobicularia
525,65029,True,Scissula
526,65030,True,Scissula
527,30805,True,Scissodesma
528,30806,True,Scissodesma
529,30807,True,Scissodesma
530,30808,True,Scissodesma
531,30809,True,Scissodesma
532,73554,False,Scissileda
533,18629,False,Scintillula
534,18630,True,Scintillula
535,18617,False,Scintilla
536,18618,True,Scintilla
537,18619,False,Scintilla
538,18620,False,Scintilla
539,49761,False,Scaeochlamys
540,49762,True,Scaeochlamys
541,49763,False,Scaeochlamys
542,49764,True,Scaeochlamys
543,49765,True,Scaeochlamys
544,49766,False,Scaeochlamys
545,49767,True,Scaeochlamys
546,49768,True,Scaeochlamys
547,49769,False,Scaeochlamys
548,49770,False,Scaeochlamys
549,49771,True,Scaeochlamys
550,49772,True,Scaeochlamys
551,49773,True,Scaeochlamys
552,49774,True,Scaeochlamys
553,49775,True,Scaeochlamys
554,49776,True,Scaeochlamys
555,49777,True,Scaeochlamys
556,49778,False,Scaeochlamys
557,49779,True,Scaeochlamys
558,49780,False,Scaeochlamys
559,49781,True,Scaeochlamys
560,49782,False,Scaeochlamys
561,49783,False,Scaeochlamys
562,49784,True,Scaeochlamys
563,49785,True,Scaeochlamys
564,49786,True,Scaeochlamys
565,49787,True,Scaeochlamys
566,49788,False,Scaeochlamys
567,49789,True,Scaeochlamys
568,49790,False,Scaeochlamys
569,49791,False,Scaeochlamys
570,49792,True,Scaeochlamys
571,49793,True,Scaeochlamys
572,49794,False,Scaeochlamys
573,49795,False,Scaeochlamys
574,49796,True,Scaeochlamys
575,49797,True,Scaeochlamys
576,49798,False,Scaeochlamys
577,49799,False,Scaeochlamys
578,49800,False,Scaeochlamys
579,49801,False,Scaeochlamys
580,49802,True,Scaeochlamys
581,49803,False,Scaeochlamys
582,49804,False,Scaeochlamys
583,49805,True,Scaeochlamys
584,49806,True,Scaeochlamys
585,49807,True,Scaeochlamys
586,49808,True,Scaeochlamys
587,49809,True,Scaeochlamys
588,49810,True,Scaeochlamys
589,49811,True,Scaeochlamys
590,49812,False,Scaeochlamys
591,23422,False,Scacchia
592,23423,True,Scacchia
593,72062,True,Saxidomus
594,72063,True,Saxidomus
595,72064,False,Saxidomus
596,72065,True,Saxidomus
597,72066,False,Saxidomus
598,72067,False,Saxidomus
599,72068,False,Saxidomus
600,72069,False,Saxidomus
601,72070,False,Saxidomus
602,72071,False,Saxidomus
603,72072,True,Saxidomus
604,72073,True,Saxidomus
605,72074,True,Saxidomus
606,72075,True,Saxidomus
607,72076,True,Saxidomus
608,56320,False,Sanguinolaria
609,56321,True,Sanguinolaria
610,56322,True,Sanguinolaria
611,56323,True,Sanguinolaria
612,56324,True,Sanguinolaria
613,56325,False,Sanguinolaria
614,23358,True,Salpocola
615,23359,True,Salpocola
616,23360,True,Salpocola
617,23361,True,Salpocola
618,23362,True,Salpocola
619,23363,True,Salpocola
620,15176,False,Salaputium
621,41223,True,Saccostrea
622,28613,False,Rugalucina
623,28614,False,Rugalucina
624,71960,True,Ruditapes
625,71961,False,Ruditapes
626,71962,False,Ruditapes
627,71963,False,Ruditapes
628,71964,False,Ruditapes
629,71965,True,Ruditapes
630,71966,True,Ruditapes
631,71967,True,Ruditapes
632,71968,False,Ruditapes
633,28598,False,Rostrilucina
634,28599,True,Rostrilucina
635,28600,True,Rostrilucina
636,28601,False,Rostrilucina
637,18716,False,Rocellaria
638,18717,False,Rocellaria
639,36795,False,Rhomboidella
640,36796,False,Rhomboidella
641,16207,False,Rhinoclama
642,16208,False,Rhinoclama
643,64984,True,Rexithaerus
644,64985,False,Rexithaerus
645,64986,True,Rexithaerus
646,64987,True,Rexithaerus
647,64988,True,Rexithaerus
648,64989,True,Rexithaerus
649,30773,True,Rangia
650,30774,True,Rangia
651,64885,True,Quadrans
652,64886,True,Quadrans
653,64887,True,Quadrans
654,41027,True,Pustulostrea
655,41028,False,Pustulostrea
656,28590,False,Pusillolucina
657,28591,True,Pusillolucina
658,28592,True,Pusillolucina
659,28593,True,Pusillolucina
660,12758,False,Purpurocardia
661,12759,False,Purpurocardia
662,12760,False,Purpurocardia
663,12761,False,Purpurocardia
664,56798,False,Pteria
665,56799,False,Pteria
666,56800,True,Pteria
667,56801,False,Pteria
668,56802,True,Pteria
669,23349,False,Pseudopythina
670,23350,True,Pseudopythina
671,23351,True,Pseudopythina
672,23352,True,Pseudopythina
673,16110,False,Pseudoneaera
674,16111,False,Pseudoneaera
675,16112,False,Pseudoneaera
676,28517,False,Pseudolucinisca
677,28518,True,Pseudolucinisca
678,23304,False,Pseudokellya
679,49715,True,Pseudohinnites
680,49716,True,Pseudohinnites
681,49717,False,Pseudohinnites
682,49718,False,Pseudohinnites
683,10122,False,Pseudofulvia
684,10123,False,Pseudofulvia
685,13640,True,Pseudochama
686,13641,False,Pseudochama
687,13642,True,Pseudochama
688,64733,True,Pseudarcopagia
689,64734,False,Pseudarcopagia
690,64735,True,Pseudarcopagia
691,64736,False,Pseudarcopagia
692,64737,True,Pseudarcopagia
693,64738,False,Pseudarcopagia
694,64739,False,Pseudarcopagia
695,64740,True,Pseudarcopagia
696,64741,True,Pseudarcopagia
697,64742,True,Pseudarcopagia
698,64743,False,Pseudarcopagia
699,64744,True,Pseudarcopagia
700,64745,True,Pseudarcopagia
701,64746,False,Pseudarcopagia
702,49625,False,Pseudamussium
703,49626,False,Pseudamussium
704,49627,True,Pseudamussium
705,64681,True,Psammotreta
706,64682,False,Psammotreta
707,64683,True,Psammotreta
708,64684,True,Psammotreta
709,64685,True,Psammotreta
710,64686,True,Psammotreta
711,64687,False,Psammotreta
712,56296,True,Psammotella
713,56297,False,Psammotella
714,64652,False,Psammacoma
715,64653,True,Psammacoma
716,64654,True,Psammacoma
717,64655,False,Psammacoma
718,71938,True,Protapes
719,71939,True,Protapes
720,38613,False,Propeleda
721,38614,False,Propeleda
722,54820,False,Propeamussium
723,54821,True,Propeamussium
724,54822,False,Propeamussium
725,54823,False,Propeamussium
726,64572,True,Pristipagia
727,64573,False,Pristipagia
728,9969,True,Pratulum
729,9970,True,Pratulum
730,9971,True,Pratulum
731,9972,True,Pratulum
732,9973,False,Pratulum
733,9974,True,Pratulum
734,9975,True,Pratulum
735,9976,True,Pratulum
736,14518,True,Potamocorbula
737,14519,True,Potamocorbula
738,14520,False,Potamocorbula
739,14521,False,Potamocorbula
740,14522,False,Potamocorbula
741,53906,False,Poromya
742,53907,True,Poromya
743,53908,False,Poromya
744,53909,False,Poromya
745,16595,True,Polymesoda
746,16596,True,Polymesoda
747,16597,True,Polymesoda
748,16598,True,Polymesoda
749,71921,False,Polititapes
750,71922,True,Polititapes
751,71923,True,Polititapes
752,71924,True,Polititapes
753,71925,True,Polititapes
754,71926,False,Polititapes
755,71927,False,Polititapes
756,71928,False,Polititapes
757,71929,True,Polititapes
758,71930,True,Polititapes
759,71931,True,Polititapes
760,71932,True,Polititapes
761,71933,True,Polititapes
762,822,False,Pododesmus
763,823,False,Pododesmus
764,824,False,Pododesmus
765,825,True,Pododesmus
766,826,False,Pododesmus
767,827,False,Pododesmus
768,828,True,Pododesmus
769,829,False,Pododesmus
770,830,False,Pododesmus
771,831,False,Pododesmus
772,72920,False,Pliocardia
773,72921,True,Pliocardia
774,53761,False,Plicatula
775,53762,True,Plicatula
776,12596,False,Pleuromeris
777,12597,False,Pleuromeris
778,12598,True,Pleuromeris
779,12599,False,Pleuromeris
780,28505,True,Pleurolucina
781,28506,True,Pleurolucina
782,16109,False,Plectodon
783,23300,False,Planktomya
784,23301,False,Planktomya
785,53462,False,Placuna
786,53463,False,Placuna
787,71879,True,Placamen
788,71812,True,Pitarenus
789,71813,True,Pitarenus
790,53388,True,Pinna
791,53389,True,Pinna
792,53390,False,Pinna
793,64535,True,Pinguitellina
794,64536,True,Pinguitellina
795,64537,False,Pinguitellina
796,64538,False,Pinguitellina
797,64539,True,Pinguitellina
798,64540,False,Pinguitellina
799,28461,False,Pillucina
800,28462,False,Pillucina
801,28463,False,Pillucina
802,28464,True,Pillucina
803,64446,True,Phyllodina
804,52461,True,Pholas
805,52462,False,Pholas
806,52463,True,Pholas
807,52464,False,Pholas
808,52465,True,Pholas
809,52433,True,Pholadidea
810,52434,True,Pholadidea
811,52435,False,Pholadidea
812,67751,True,Phlyctiderma
813,67752,True,Phlyctiderma
814,51688,True,Phaxas
815,51689,True,Phaxas
816,51690,False,Phaxas
817,51691,True,Phaxas
818,51598,True,Pharus
819,51599,False,Pharus
820,51600,True,Pharus
821,51601,True,Pharus
822,51510,True,Pharella
823,51511,True,Pharella
824,51512,True,Pharella
825,51513,True,Pharella
826,51514,True,Pharella
827,51515,False,Pharella
828,51516,True,Pharella
829,51517,True,Pharella
830,51518,True,Pharella
831,51519,True,Pharella
832,51520,True,Pharella
833,51521,True,Pharella
834,51522,True,Pharella
835,51523,True,Pharella
836,51524,True,Pharella
837,51525,False,Pharella
838,51526,False,Pharella
839,51527,False,Pharella
840,51528,True,Pharella
841,51529,False,Pharella
842,51530,True,Pharella
843,51531,False,Pharella
844,51532,False,Pharella
845,51533,False,Pharella
846,51534,True,Pharella
847,51535,True,Pharella
848,51536,True,Pharella
849,51537,True,Pharella
850,51538,True,Pharella
851,51539,True,Pharella
852,51540,False,Pharella
853,51541,False,Pharella
854,51542,False,Pharella
855,51543,False,Pharella
856,51544,False,Pharella
857,51545,True,Pharella
858,51546,False,Pharella
859,51547,True,Pharella
860,64383,True,Pharaonella
861,64384,True,Pharaonella
862,64385,True,Pharaonella
863,64386,True,Pharaonella
864,64387,True,Pharaonella
865,71665,False,Petricolaria
866,71666,False,Petricolaria
867,71667,True,Petricolaria
868,71668,True,Petricolaria
869,71631,True,Petricola
870,71632,False,Petricola
871,64218,True,Peronaea
872,64219,False,Peronaea
873,64220,False,Peronaea
874,64221,True,Peronaea
875,64222,True,Peronaea
876,64223,True,Peronaea
877,36653,True,Perna
878,36654,True,Perna
879,36655,True,Perna
880,36656,True,Perna
881,36657,False,Perna
882,36658,True,Perna
883,36659,True,Perna
884,36660,False,Perna
885,36661,False,Perna
886,36662,True,Perna
887,36663,False,Perna
888,36664,False,Perna
889,36665,False,Perna
890,36666,True,Perna
891,36667,True,Perna
892,36668,False,Perna
893,36669,False,Perna
894,36670,True,Perna
895,36671,True,Perna
896,36672,True,Perna
897,36673,False,Perna
898,36674,False,Perna
899,36675,False,Perna
900,36676,False,Perna
901,36677,False,Perna
902,36678,False,Perna
903,36679,False,Perna
904,36680,True,Perna
905,36681,True,Perna
906,36682,True,Perna
907,36683,True,Perna
908,36684,False,Perna
909,36685,False,Perna
910,36686,False,Perna
911,36687,False,Perna
912,36688,False,Perna
913,36689,True,Perna
914,36690,True,Perna
915,36691,False,Perna
916,36692,False,Perna
917,36693,False,Perna
918,51033,False,Periploma
919,51034,False,Periploma
920,71480,False,Periglypta
921,71481,False,Periglypta
922,71482,False,Periglypta
923,52409,True,Penitella
924,28362,True,Pegophysema
925,28363,True,Pegophysema
926,28364,False,Pegophysema
927,28365,True,Pegophysema
928,28366,True,Pegophysema
929,28367,True,Pegophysema
930,28368,True,Pegophysema
931,28369,False,Pegophysema
932,28370,True,Pegophysema
933,28371,True,Pegophysema
934,28372,True,Pegophysema
935,28373,True,Pegophysema
936,28374,True,Pegophysema
937,28375,False,Pegophysema
938,28376,False,Pegophysema
939,28377,True,Pegophysema
940,28378,True,Pegophysema
941,28379,True,Pegophysema
942,28380,True,Pegophysema
943,49491,True,Pecten
944,49492,False,Pecten
945,49493,True,Pecten
946,48872,True,Pascahinnites
947,28236,False,Parvilucina
948,28237,False,Parvilucina
949,28238,False,Parvilucina
950,28239,False,Parvilucina
951,28240,True,Parvilucina
952,28241,False,Parvilucina
953,28242,True,Parvilucina
954,28243,False,Parvilucina
955,28244,True,Parvilucina
956,28245,True,Parvilucina
957,28246,True,Parvilucina
958,28247,True,Parvilucina
959,28248,False,Parvilucina
960,28249,False,Parvilucina
961,28250,True,Parvilucina
962,28251,False,Parvilucina
963,28252,True,Parvilucina
964,28253,True,Parvilucina
965,28254,True,Parvilucina
966,28255,True,Parvilucina
967,28256,True,Parvilucina
968,28257,True,Parvilucina
969,28258,True,Parvilucina
970,9943,True,Parvicardium
971,9944,False,Parvicardium
972,9945,False,Parvicardium
973,9946,False,Parvicardium
974,9947,True,Parvicardium
975,9948,True,Parvicardium
976,9949,True,Parvicardium
977,9950,False,Parvicardium
978,9951,True,Parvicardium
979,9952,True,Parvicardium
980,9953,False,Parvicardium
981,9954,True,Parvicardium
982,9955,False,Parvicardium
983,9956,False,Parvicardium
984,9957,True,Parvicardium
985,9958,True,Parvicardium
986,9959,True,Parvicardium
987,9960,True,Parvicardium
988,9961,False,Parvicardium
989,9962,True,Parvicardium
990,9963,False,Parvicardium
991,9964,False,Parvicardium
992,9965,False,Parvicardium
993,9966,True,Parvicardium
994,9967,False,Parvicardium
995,9968,True,Parvicardium
996,67036,False,Parathyasira
997,67037,True,Parathyasira
998,67038,True,Parathyasira
999,67039,True,Parathyasira
1000,67040,True,Parathyasira
1001,67041,True,Parathyasira
1002,67042,False,Parathyasira
1003,71435,False,Paratapes
1004,71436,True,Paratapes
1005,71437,True,Paratapes
1006,71438,True,Paratapes
1007,71439,False,Paratapes
1008,71440,True,Paratapes
1009,71441,True,Paratapes
1010,52377,True,Parapholas
1011,52378,False,Parapholas
1012,52379,False,Parapholas
1013,52380,True,Parapholas
1014,52381,True,Parapholas
1015,52382,True,Parapholas
1016,9765,True,Papyridea
1017,9766,False,Papyridea
1018,9691,True,Papillicardium
1019,9692,False,Papillicardium
1020,9693,False,Papillicardium
1021,9694,True,Papillicardium
1022,9695,False,Papillicardium
1023,9696,False,Papillicardium
1024,9697,True,Papillicardium
1025,9698,False,Papillicardium
1026,9699,True,Papillicardium
1027,9700,False,Papillicardium
1028,9701,True,Papillicardium
1029,9702,False,Papillicardium
1030,9703,False,Papillicardium
1031,9704,True,Papillicardium
1032,9705,True,Papillicardium
1033,9706,True,Papillicardium
1034,9707,True,Papillicardium
1035,9708,True,Papillicardium
1036,9709,True,Papillicardium
1037,9710,True,Papillicardium
1038,71427,True,Paphia
1039,71428,True,Paphia
1040,71429,True,Paphia
1041,71430,True,Paphia
1042,21987,True,Panopea
1043,21988,False,Panopea
1044,21870,False,Panomya
1045,21871,False,Panomya
1046,21872,False,Panomya
1047,21873,True,Panomya
1048,21874,False,Panomya
1049,21875,True,Panomya
1050,21876,False,Panomya
1051,21877,False,Panomya
1052,21878,True,Panomya
1053,21879,True,Panomya
1054,21880,False,Panomya
1055,21881,True,Panomya
1056,21882,True,Panomya
1057,21883,True,Panomya
1058,48666,True,Palliolum
1059,48667,False,Palliolum
1060,48668,True,Palliolum
1061,48669,False,Palliolum
1062,48670,False,Palliolum
1063,48671,False,Palliolum
1064,48672,True,Palliolum
1065,48673,False,Palliolum
1066,48674,False,Palliolum
1067,48675,False,Palliolum
1068,48676,True,Palliolum
1069,48677,True,Palliolum
1070,30731,True,Oxyperas
1071,30732,True,Oxyperas
1072,64167,False,Oudardia
1073,40876,True,Ostrea
1074,40877,False,Ostrea
1075,40878,False,Ostrea
1076,40879,False,Ostrea
1077,73540,False,Orthoyoldia
1078,73541,False,Orthoyoldia
1079,73542,False,Orthoyoldia
1080,73543,False,Orthoyoldia
1081,28221,True,Opalocina
1082,28222,False,Opalocina
1083,56209,False,Nuttallia
1084,56210,False,Nuttallia
1085,56211,True,Nuttallia
1086,56212,False,Nuttallia
1087,56213,False,Nuttallia
1088,56214,False,Nuttallia
1089,56215,False,Nuttallia
1090,56216,True,Nuttallia
1091,56217,False,Nuttallia
1092,56218,False,Nuttallia
1093,56219,False,Nuttallia
1094,56220,False,Nuttallia
1095,56221,True,Nuttallia
1096,56222,False,Nuttallia
1097,56223,False,Nuttallia
1098,56224,True,Nuttallia
1099,56225,True,Nuttallia
1100,56226,True,Nuttallia
1101,56227,True,Nuttallia
1102,56228,True,Nuttallia
1103,56229,False,Nuttallia
1104,56230,True,Nuttallia
1105,56231,True,Nuttallia
1106,56232,True,Nuttallia
1107,71353,False,Nutricola
1108,71354,True,Nutricola
1109,71355,True,Nutricola
1110,71356,False,Nutricola
1111,71357,True,Nutricola
1112,71358,True,Nutricola
1113,37900,False,Nucinella
1114,37901,False,Nucinella
1115,37902,False,Nucinella
1116,37903,False,Nucinella
1117,28209,False,Notomyrtea
1118,28210,False,Notomyrtea
1119,28211,False,Notomyrtea
1120,28212,False,Notomyrtea
1121,37567,True,Noetia
1122,37568,False,Noetia
1123,37569,False,Noetia
1124,37570,True,Noetia
1125,37571,True,Noetia
1126,37572,False,Noetia
1127,37573,True,Noetia
1128,37574,False,Noetia
1129,48167,True,Nodipecten
1130,48168,False,Nodipecten
1131,48169,False,Nodipecten
1132,48170,True,Nodipecten
1133,48171,True,Nodipecten
1134,48172,True,Nodipecten
1135,48173,True,Nodipecten
1136,48174,False,Nodipecten
1137,48175,True,Nodipecten
1138,48176,True,Nodipecten
1139,48177,False,Nodipecten
1140,48178,True,Nodipecten
1141,48179,False,Nodipecten
1142,48180,True,Nodipecten
1143,48181,False,Nodipecten
1144,48182,True,Nodipecten
1145,48183,True,Nodipecten
1146,48184,True,Nodipecten
1147,48185,True,Nodipecten
1148,48186,True,Nodipecten
1149,48187,True,Nodipecten
1150,48188,True,Nodipecten
1151,48189,True,Nodipecten
1152,48190,True,Nodipecten
1153,48191,True,Nodipecten
1154,48192,True,Nodipecten
1155,48193,True,Nodipecten
1156,48194,True,Nodipecten
1157,48195,True,Nodipecten
1158,48196,True,Nodipecten
1159,48197,True,Nodipecten
1160,48198,True,Nodipecten
1161,48199,True,Nodipecten
1162,48200,True,Nodipecten
1163,48201,True,Nodipecten
1164,48202,True,Nodipecten
1165,48203,True,Nodipecten
1166,48204,True,Nodipecten
1167,48205,False,Nodipecten
1168,48206,True,Nodipecten
1169,48207,True,Nodipecten
1170,48208,True,Nodipecten
1171,48209,True,Nodipecten
1172,48210,False,Nodipecten
1173,48211,True,Nodipecten
1174,48212,True,Nodipecten
1175,48213,True,Nodipecten
1176,48214,True,Nodipecten
1177,48215,True,Nodipecten
1178,64135,True,Nitidotellina
1179,64136,True,Nitidotellina
1180,15144,False,Nipponocrassatella
1181,15145,True,Nipponocrassatella
1182,15146,False,Nipponocrassatella
1183,15147,False,Nipponocrassatella
1184,15148,False,Nipponocrassatella
1185,15149,False,Nipponocrassatella
1186,15150,False,Nipponocrassatella
1187,15151,False,Nipponocrassatella
1188,15152,False,Nipponocrassatella
1189,52370,False,Netastoma
1190,67517,False,Neotrigonia
1191,67518,False,Neotrigonia
1192,67357,True,Neotrapezium
1193,67358,True,Neotrapezium
1194,67359,False,Neotrapezium
1195,67360,False,Neotrapezium
1196,67361,True,Neotrapezium
1197,67362,False,Neotrapezium
1198,67363,True,Neotrapezium
1199,67364,False,Neotrapezium
1200,67365,False,Neotrapezium
1201,67366,False,Neotrapezium
1202,9626,True,Nemocardium
1203,9627,False,Nemocardium
1204,9628,False,Nemocardium
1205,9629,False,Nemocardium
1206,31752,False,Neilo
1207,31753,False,Neilo
1208,23248,True,Neaeromya
1209,23249,False,Neaeromya
1210,23250,True,Neaeromya
1211,23251,True,Neaeromya
1212,23252,True,Neaeromya
1213,23253,False,Neaeromya
1214,23254,False,Neaeromya
1215,23255,True,Neaeromya
1216,51494,False,Nasopharus
1217,51495,True,Nasopharus
1218,51496,True,Nasopharus
1219,51497,True,Nasopharus
1220,36637,False,Mytilus
1221,18295,True,Mytilopsis
1222,18296,True,Mytilopsis
1223,18297,False,Mytilopsis
1224,18298,True,Mytilopsis
1225,36348,True,Mytilisepta
1226,36349,False,Mytilisepta
1227,36350,True,Mytilisepta
1228,36268,False,Mytilaster
1229,36269,True,Mytilaster
1230,36270,True,Mytilaster
1231,36271,False,Mytilaster
1232,36272,False,Mytilaster
1233,36273,False,Mytilaster
1234,36274,True,Mytilaster
1235,36275,False,Mytilaster
1236,36276,True,Mytilaster
1237,36277,False,Mytilaster
1238,36278,False,Mytilaster
1239,36279,False,Mytilaster
1240,36280,False,Mytilaster
1241,36281,True,Mytilaster
1242,36282,True,Mytilaster
1243,36283,False,Mytilaster
1244,36284,True,Mytilaster
1245,36285,True,Mytilaster
1246,36286,False,Mytilaster
1247,36287,False,Mytilaster
1248,36288,True,Mytilaster
1249,36289,True,Mytilaster
1250,36290,False,Mytilaster
1251,36291,True,Mytilaster
1252,36292,True,Mytilaster
1253,36293,False,Mytilaster
1254,36294,False,Mytilaster
1255,36295,False,Mytilaster
1256,36296,False,Mytilaster
1257,36190,True,Mytella
1258,36191,False,Mytella
1259,71321,False,Mysia
1260,71322,False,Mysia
1261,71323,True,Mysia
1262,71324,False,Mysia
1263,23244,False,Mysella
1264,23245,False,Mysella
1265,23246,True,Mysella
1266,23247,True,Mysella
1267,28093,False,Myrtina
1268,28094,True,Myrtina
1269,28095,False,Myrtina
1270,28096,True,Myrtina
1271,28097,True,Myrtina
1272,28098,True,Myrtina
1273,28099,False,Myrtina
1274,28053,True,Myrtea
1275,28054,True,Myrtea
1276,28055,True,Myrtea
1277,28056,True,Myrtea
1278,16083,False,Myonera
1279,33052,False,Myochama
1280,33053,False,Myochama
1281,23231,True,Myllita
1282,23232,True,Myllita
1283,33051,False,Myadora
1284,32765,False,Mya
1285,36152,False,Musculus
1286,36153,False,Musculus
1287,36154,True,Musculus
1288,36155,False,Musculus
1289,30660,True,Mulinia
1290,30661,False,Mulinia
1291,30662,True,Mulinia
1292,30663,False,Mulinia
1293,23206,False,Montacuta
1294,9516,True,Monodacna
1295,27966,True,Monitilora
1296,27967,True,Monitilora
1297,27968,True,Monitilora
1298,27969,True,Monitilora
1299,27970,True,Monitilora
1300,27971,True,Monitilora
1301,686,True,Monia
1302,64076,True,Moerella
1303,35169,True,Modiolatus
1304,35170,True,Modiolatus
1305,48053,False,Mirapecten
1306,48054,True,Mirapecten
1307,48055,False,Mirapecten
1308,48056,False,Mirapecten
1309,48057,False,Mirapecten
1310,48058,True,Mirapecten
1311,4370,False,Mimarcaria
1312,47440,False,Mimachlamys
1313,47441,False,Mimachlamys
1314,47442,False,Mimachlamys
1315,47443,True,Mimachlamys
1316,47444,True,Mimachlamys
1317,47445,True,Mimachlamys
1318,47446,True,Mimachlamys
1319,47447,True,Mimachlamys
1320,47448,True,Mimachlamys
1321,47449,True,Mimachlamys
1322,47450,True,Mimachlamys
1323,47451,False,Mimachlamys
1324,47452,True,Mimachlamys
1325,27957,True,Miltha
1326,67720,False,Microstagon
1327,67721,True,Microstagon
1328,67722,False,Microstagon
1329,67723,False,Microstagon
1330,67724,True,Microstagon
1331,67725,True,Microstagon
1332,67726,True,Microstagon
1333,73496,False,Microgloma
1334,73497,False,Microgloma
1335,73498,False,Microgloma
1336,73499,False,Microgloma
1337,9508,True,Microfragum
1338,9509,False,Microfragum
1339,9510,False,Microfragum
1340,9511,True,Microfragum
1341,9512,True,Microfragum
1342,9513,False,Microfragum
1343,9514,True,Microfragum
1344,71319,True,Microcirce
1345,71320,True,Microcirce
1346,9414,False,Microcardium
1347,9415,True,Microcardium
1348,46726,True,Mesopeplum
1349,46727,True,Mesopeplum
1350,46728,True,Mesopeplum
1351,4312,False,Mesocibota
1352,4313,False,Mesocibota
1353,71301,True,Meretrix
1354,71302,True,Meretrix
1355,71303,True,Meretrix
1356,71304,False,Meretrix
1357,71214,False,Mercenaria
1358,71215,True,Mercenaria
1359,67026,True,Mendicula
1360,67027,True,Mendicula
1361,67028,True,Mendicula
1362,67029,True,Mendicula
1363,67030,True,Mendicula
1364,67031,False,Mendicula
1365,67032,True,Mendicula
1366,67033,False,Mendicula
1367,23184,True,Melliteryx
1368,23185,False,Melliteryx
1369,23186,False,Melliteryx
1370,23187,False,Melliteryx
1371,23188,True,Melliteryx
1372,23189,True,Melliteryx
1373,23190,True,Melliteryx
1374,23191,True,Melliteryx
1375,23192,False,Melliteryx
1376,19306,True,Meiocardia
1377,19307,False,Meiocardia
1378,19308,True,Meiocardia
1379,19309,True,Meiocardia
1380,19310,True,Meiocardia
1381,19311,False,Meiocardia
1382,19312,True,Meiocardia
1383,19313,True,Meiocardia
1384,73478,False,Megayoldia
1385,73479,False,Megayoldia
1386,73480,False,Megayoldia
1387,73481,False,Megayoldia
1388,73482,False,Megayoldia
1389,73483,False,Megayoldia
1390,73484,False,Megayoldia
1391,73485,False,Megayoldia
1392,73486,False,Megayoldia
1393,73487,False,Megayoldia
1394,73488,False,Megayoldia
1395,27944,True,Megaxinus
1396,27945,True,Megaxinus
1397,27946,False,Megaxinus
1398,27947,True,Megaxinus
1399,27948,True,Megaxinus
1400,27949,False,Megaxinus
1401,71115,True,Megapitaria
1402,71116,True,Megapitaria
1403,71117,True,Megapitaria
1404,71118,False,Megapitaria
1405,71119,True,Megapitaria
1406,71120,True,Megapitaria
1407,71121,True,Megapitaria
1408,71122,False,Megapitaria
1409,71123,True,Megapitaria
1410,71124,False,Megapitaria
1411,71125,False,Megapitaria
1412,71126,False,Megapitaria
1413,71127,False,Megapitaria
1414,71128,True,Megapitaria
1415,71129,False,Megapitaria
1416,71130,True,Megapitaria
1417,71131,True,Megapitaria
1418,63870,False,Megangulus
1419,63871,True,Megangulus
1420,63872,True,Megangulus
1421,63873,True,Megangulus
1422,63874,True,Megangulus
1423,63875,True,Megangulus
1424,12445,False,Megacardita
1425,12446,False,Megacardita
1426,12447,False,Megacardita
1427,52287,True,Martesia
1428,52288,True,Martesia
1429,52289,False,Martesia
1430,52290,True,Martesia
1431,52291,True,Martesia
1432,52292,True,Martesia
1433,52293,False,Martesia
1434,52294,True,Martesia
1435,52295,True,Martesia
1436,52296,True,Martesia
1437,52297,False,Martesia
1438,52298,True,Martesia
1439,52299,False,Martesia
1440,71077,True,Marcia
1441,71078,False,Marcia
1442,71079,False,Marcia
1443,71080,True,Marcia
1444,71081,False,Marcia
1445,71082,False,Marcia
1446,71083,True,Marcia
1447,71084,False,Marcia
1448,71085,False,Marcia
1449,71046,False,Marama
1450,71047,True,Marama
1451,9354,True,Maoricardium
1452,9355,False,Maoricardium
1453,9356,False,Maoricardium
1454,9357,False,Maoricardium
1455,9358,True,Maoricardium
1456,9359,False,Maoricardium
1457,9360,True,Maoricardium
1458,9361,True,Maoricardium
1459,9362,False,Maoricardium
1460,9363,False,Maoricardium
1461,9364,True,Maoricardium
1462,9365,True,Maoricardium
1463,9366,False,Maoricardium
1464,9367,True,Maoricardium
1465,9368,True,Maoricardium
1466,9369,False,Maoricardium
1467,9370,True,Maoricardium
1468,9371,True,Maoricardium
1469,9372,True,Maoricardium
1470,9373,False,Maoricardium
1471,9374,True,Maoricardium
1472,31593,False,Malleus
1473,31594,False,Malleus
1474,31595,True,Malleus
1475,31596,False,Malleus
1476,31597,True,Malleus
1477,31598,False,Malleus
1478,31599,False,Malleus
1479,31600,False,Malleus
1480,31601,False,Malleus
1481,31602,True,Malleus
1482,31603,False,Malleus
1483,31604,True,Malleus
1484,31605,False,Malleus
1485,31606,True,Malleus
1486,31607,False,Malleus
1487,31735,False,Malletia
1488,31736,False,Malletia
1489,31737,False,Malletia
1490,31738,False,Malletia
1491,40638,True,Magallana
1492,40639,False,Magallana
1493,30547,False,Mactrotoma
1494,30342,True,Mactromeris
1495,30343,False,Mactromeris
1496,30344,True,Mactromeris
1497,30345,True,Mactromeris
1498,30346,False,Mactromeris
1499,30347,True,Mactromeris
1500,30348,True,Mactromeris
1501,30349,True,Mactromeris
1502,30350,True,Mactromeris
1503,30351,True,Mactromeris
1504,30352,False,Mactromeris
1505,30353,False,Mactromeris
1506,30354,True,Mactromeris
1507,30301,True,Mactrinula
1508,30302,False,Mactrinula
1509,30303,True,Mactrinula
1510,30304,True,Mactrinula
1511,30305,True,Mactrinula
1512,30299,True,Mactrellona
1513,30300,True,Mactrellona
1514,63754,True,Macoploma
1515,63755,True,Macoploma
1516,63702,False,Macomopsis
1517,63703,True,Macomopsis
1518,63704,False,Macomopsis
1519,63705,True,Macomopsis
1520,63706,True,Macomopsis
1521,63707,True,Macomopsis
1522,63708,True,Macomopsis
1523,63709,False,Macomopsis
1524,63710,True,Macomopsis
1525,63711,True,Macomopsis
1526,63712,True,Macomopsis
1527,63713,True,Macomopsis
1528,63714,True,Macomopsis
1529,63715,True,Macomopsis
1530,63716,False,Macomopsis
1531,63717,True,Macomopsis
1532,63718,True,Macomopsis
1533,63719,True,Macomopsis
1534,63720,True,Macomopsis
1535,63721,True,Macomopsis
1536,63722,False,Macomopsis
1537,63723,False,Macomopsis
1538,63724,True,Macomopsis
1539,63725,True,Macomopsis
1540,63726,False,Macomopsis
1541,63437,True,Macomona
1542,63438,False,Macomona
1543,63439,False,Macomona
1544,63440,True,Macomona
1545,63441,False,Macomona
1546,63442,False,Macomona
1547,63443,True,Macomona
1548,63444,True,Macomona
1549,63445,True,Macomona
1550,63446,True,Macomona
1551,63447,True,Macomona
1552,63448,False,Macomona
1553,63449,True,Macomona
1554,63450,True,Macomona
1555,63451,True,Macomona
1556,63452,False,Macomona
1557,63453,True,Macomona
1558,63454,False,Macomona
1559,63455,False,Macomona
1560,63456,False,Macomona
1561,63457,True,Macomona
1562,63458,False,Macomona
1563,63459,False,Macomona
1564,63460,False,Macomona
1565,63461,True,Macomona
1566,63462,True,Macomona
1567,63463,True,Macomona
1568,63464,True,Macomona
1569,63465,True,Macomona
1570,63466,True,Macomona
1571,63467,True,Macomona
1572,63468,True,Macomona
1573,63469,True,Macomona
1574,63470,False,Macomona
1575,63471,True,Macomona
1576,63472,False,Macomona
1577,63473,True,Macomona
1578,63474,True,Macomona
1579,63475,True,Macomona
1580,63476,True,Macomona
1581,63477,False,Macomona
1582,63478,True,Macomona
1583,63479,True,Macomona
1584,63480,True,Macomona
1585,63481,True,Macomona
1586,63482,True,Macomona
1587,63483,True,Macomona
1588,63484,True,Macomona
1589,63485,False,Macomona
1590,63486,False,Macomona
1591,63487,True,Macomona
1592,63488,True,Macomona
1593,63489,False,Macomona
1594,63490,False,Macomona
1595,63491,True,Macomona
1596,63492,True,Macomona
1597,63493,True,Macomona
1598,63494,False,Macomona
1599,63495,True,Macomona
1600,63496,True,Macomona
1601,63259,False,Macoma
1602,63260,False,Macoma
1603,63261,True,Macoma
1604,63262,False,Macoma
1605,9255,False,Lyrocardium
1606,9256,False,Lyrocardium
1607,9257,False,Lyrocardium
1608,9258,False,Lyrocardium
1609,9259,True,Lyrocardium
1610,9260,True,Lyrocardium
1611,9261,False,Lyrocardium
1612,9262,False,Lyrocardium
1613,9263,False,Lyrocardium
1614,9264,False,Lyrocardium
1615,9265,True,Lyrocardium
1616,9266,True,Lyrocardium
1617,9267,False,Lyrocardium
1618,9268,False,Lyrocardium
1619,9269,False,Lyrocardium
1620,28989,False,Lyonsia
1621,28990,False,Lyonsia
1622,28991,False,Lyonsia
1623,28992,False,Lyonsia
1624,28993,False,Lyonsia
1625,29398,False,Lutraria
1626,29399,False,Lutraria
1627,9157,True,Lunulicardia
1628,9158,False,Lunulicardia
1629,9159,True,Lunulicardia
1630,9160,False,Lunulicardia
1631,9161,True,Lunulicardia
1632,9162,True,Lunulicardia
1633,9163,False,Lunulicardia
1634,9164,False,Lunulicardia
1635,9165,True,Lunulicardia
1636,9166,False,Lunulicardia
1637,9167,True,Lunulicardia
1638,9168,False,Lunulicardia
1639,9169,True,Lunulicardia
1640,9170,False,Lunulicardia
1641,9171,True,Lunulicardia
1642,9172,True,Lunulicardia
1643,9173,True,Lunulicardia
1644,9174,False,Lunulicardia
1645,9175,True,Lunulicardia
1646,9176,False,Lunulicardia
1647,4208,True,Lunarca
1648,4209,False,Lunarca
1649,4210,False,Lunarca
1650,4211,True,Lunarca
1651,4212,True,Lunarca
1652,4213,False,Lunarca
1653,4214,False,Lunarca
1654,27602,False,Lucinisca
1655,27603,True,Lucinisca
1656,27533,True,Lucina
1657,27534,True,Lucina
1658,27535,True,Lucina
1659,27309,False,Loripes
1660,27310,True,Loripes
1661,27311,False,Loripes
1662,27312,True,Loripes
1663,27313,True,Loripes
1664,27314,True,Loripes
1665,27315,False,Loripes
1666,27316,True,Loripes
1667,27317,True,Loripes
1668,27318,True,Loripes
1669,27319,True,Loripes
1670,27320,True,Loripes
1671,27321,True,Loripes
1672,27322,False,Loripes
1673,27323,False,Loripes
1674,27324,True,Loripes
1675,27325,True,Loripes
1676,27326,True,Loripes
1677,27327,True,Loripes
1678,27328,True,Loripes
1679,27329,True,Loripes
1680,27330,True,Loripes
1681,27331,True,Loripes
1682,27332,True,Loripes
1683,27333,False,Loripes
1684,27334,False,Loripes
1685,27335,True,Loripes
1686,27336,False,Loripes
1687,9123,True,Lophocardium
1688,9124,True,Lophocardium
1689,35132,True,Lithophaga
1690,71013,True,Lirophora
1691,71014,True,Lirophora
1692,71015,True,Lirophora
1693,71016,False,Lirophora
1694,27251,False,Liralucina
1695,27252,False,Liralucina
1696,27253,True,Liralucina
1697,27254,True,Liralucina
1698,27255,True,Liralucina
1699,27256,False,Liralucina
1700,27257,False,Liralucina
1701,27258,False,Liralucina
1702,70941,False,Lioconcha
1703,70942,False,Lioconcha
1704,70943,False,Lioconcha
1705,34991,True,Lioberus
1706,34992,False,Lioberus
1707,34993,True,Lioberus
1708,34994,True,Lioberus
1709,34995,True,Lioberus
1710,34996,True,Lioberus
1711,34997,True,Lioberus
1712,34998,False,Lioberus
1713,34999,True,Lioberus
1714,35000,True,Lioberus
1715,35001,False,Lioberus
1716,35002,True,Lioberus
1717,35003,False,Lioberus
1718,35004,False,Lioberus
1719,39564,False,Linucula
1720,39565,False,Linucula
1721,62912,True,Limecola
1722,62913,True,Limecola
1723,25201,False,Limea
1724,25202,False,Limea
1725,24969,True,Limaria
1726,24970,False,Limaria
1727,24463,True,Lima
1728,24464,False,Lima
1729,70876,True,Leukoma
1730,70877,True,Leukoma
1731,46560,True,Leptopecten
1732,46561,False,Leptopecten
1733,23166,False,Lepton
1734,23167,False,Lepton
1735,57402,False,Leptomya
1736,67000,True,Leptaxinus
1737,67001,False,Leptaxinus
1738,67002,True,Leptaxinus
1739,67003,True,Leptaxinus
1740,67004,True,Leptaxinus
1741,67005,False,Leptaxinus
1742,67006,True,Leptaxinus
1743,67007,True,Leptaxinus
1744,67008,False,Leptaxinus
1745,67009,True,Leptaxinus
1746,62783,True,Leporimetis
1747,62784,False,Leporimetis
1748,18510,True,Lepirodes
1749,46448,True,Leopecten
1750,46449,True,Leopecten
1751,46450,True,Leopecten
1752,38006,False,Lembulus
1753,38007,False,Lembulus
1754,38008,False,Lembulus
1755,38009,False,Lembulus
1756,38010,False,Lembulus
1757,38011,False,Lembulus
1758,34936,True,Leiosolenus
1759,34937,True,Leiosolenus
1760,37969,False,Ledella
1761,37970,False,Ledella
1762,37971,False,Ledella
1763,37972,False,Ledella
1764,23645,True,Laternula
1765,23646,False,Laternula
1766,23647,False,Laternula
1767,23648,False,Laternula
1768,23649,False,Laternula
1769,23650,False,Laternula
1770,23110,True,Lasaea
1771,23111,False,Lasaea
1772,23112,True,Lasaea
1773,23113,True,Lasaea
1774,23114,False,Lasaea
1775,23115,False,Lasaea
1776,23116,True,Lasaea
1777,23117,False,Lasaea
1778,23118,False,Lasaea
1779,23119,True,Lasaea
1780,23120,True,Lasaea
1781,23121,True,Lasaea
1782,23122,False,Lasaea
1783,23123,False,Lasaea
1784,23124,True,Lasaea
1785,23125,False,Lasaea
1786,4197,False,Larkinia
1787,4198,False,Larkinia
1788,4199,True,Larkinia
1789,4200,False,Larkinia
1790,4201,True,Larkinia
1791,4202,True,Larkinia
1792,4203,False,Larkinia
1793,18669,True,Lamychaena
1794,18670,True,Lamychaena
1795,27217,True,Lamellolucina
1796,27218,True,Lamellolucina
1797,27219,False,Lamellolucina
1798,27220,False,Lamellolucina
1799,27221,True,Lamellolucina
1800,70722,True,Lamelliconcha
1801,70723,True,Lamelliconcha
1802,46393,True,Laevichlamys
1803,46394,True,Laevichlamys
1804,46395,False,Laevichlamys
1805,9120,False,Laevicardium
1806,62742,True,Laciolina
1807,22962,False,Kurtiella
1808,22963,True,Kurtiella
1809,22964,False,Kurtiella
1810,22965,False,Kurtiella
1811,22966,False,Kurtiella
1812,22845,False,Kelliopsis
1813,22846,False,Kelliopsis
1814,22847,False,Kelliopsis
1815,22848,True,Kelliopsis
1816,22849,False,Kelliopsis
1817,22850,True,Kelliopsis
1818,22468,False,Kelliella
1819,22469,False,Kelliella
1820,22470,True,Kelliella
1821,22471,False,Kelliella
1822,22472,False,Kelliella
1823,22473,False,Kelliella
1824,22474,True,Kelliella
1825,22475,False,Kelliella
1826,22782,True,Kellia
1827,22783,True,Kellia
1828,22784,False,Kellia
1829,22785,True,Kellia
1830,8720,True,Keenocardium
1831,8721,False,Keenocardium
1832,8722,False,Keenocardium
1833,8723,False,Keenocardium
1834,8724,False,Keenocardium
1835,8725,True,Keenocardium
1836,8726,False,Keenocardium
1837,8727,True,Keenocardium
1838,8728,True,Keenocardium
1839,8729,False,Keenocardium
1840,8730,False,Keenocardium
1841,8731,False,Keenocardium
1842,8666,True,Keenaea
1843,8667,True,Keenaea
1844,8668,True,Keenaea
1845,70672,False,Katelysia
1846,70673,True,Katelysia
1847,70674,True,Katelysia
1848,70675,False,Katelysia
1849,70676,False,Katelysia
1850,70677,True,Katelysia
1851,70678,False,Katelysia
1852,70679,True,Katelysia
1853,70680,True,Katelysia
1854,31672,False,Katadesmia
1855,31673,False,Katadesmia
1856,31674,False,Katadesmia
1857,15129,False,Kalolophus
1858,15130,False,Kalolophus
1859,15131,True,Kalolophus
1860,15132,False,Kalolophus
1861,15133,False,Kalolophus
1862,15134,False,Kalolophus
1863,15135,False,Kalolophus
1864,15136,False,Kalolophus
1865,15137,False,Kalolophus
1866,15138,False,Kalolophus
1867,46019,False,Juxtamusium
1868,46020,False,Juxtamusium
1869,46021,False,Juxtamusium
1870,46022,True,Juxtamusium
1871,46023,False,Juxtamusium
1872,46024,True,Juxtamusium
1873,46025,False,Juxtamusium
1874,46026,True,Juxtamusium
1875,46027,True,Juxtamusium
1876,46028,True,Juxtamusium
1877,46029,True,Juxtamusium
1878,46030,False,Juxtamusium
1879,46031,False,Juxtamusium
1880,46032,False,Juxtamusium
1881,46033,False,Juxtamusium
1882,46034,False,Juxtamusium
1883,46035,False,Juxtamusium
1884,46036,True,Juxtamusium
1885,46037,True,Juxtamusium
1886,46038,True,Juxtamusium
1887,46039,True,Juxtamusium
1888,46040,False,Juxtamusium
1889,46041,True,Juxtamusium
1890,46042,True,Juxtamusium
1891,46043,True,Juxtamusium
1892,14421,True,Juliacorbula
1893,14422,True,Juliacorbula
1894,14423,True,Juliacorbula
1895,14424,False,Juliacorbula
1896,14425,False,Juliacorbula
1897,52276,True,Jouannetia
1898,52277,True,Jouannetia
1899,27198,True,Jorgenia
1900,27199,True,Jorgenia
1901,27200,False,Jorgenia
1902,27201,True,Jorgenia
1903,27202,True,Jorgenia
1904,34677,False,Jolya
1905,34678,False,Jolya
1906,34679,False,Jolya
1907,34680,False,Jolya
1908,34681,False,Jolya
1909,34682,True,Jolya
1910,62682,True,Jitlada
1911,62683,True,Jitlada
1912,62639,False,Jactellina
1913,62640,True,Jactellina
1914,62641,True,Jactellina
1915,72872,True,Isorropodon
1916,72873,True,Isorropodon
1917,72874,False,Isorropodon
1918,72875,True,Isorropodon
1919,72876,False,Isorropodon
1920,72877,False,Isorropodon
1921,72878,True,Isorropodon
1922,22452,False,Isognomon
1923,22453,True,Isognomon
1924,22454,False,Isognomon
1925,22455,False,Isognomon
1926,22456,False,Isognomon
1927,22457,False,Isognomon
1928,22458,True,Isognomon
1929,22459,False,Isognomon
1930,22460,True,Isognomon
1931,22461,False,Isognomon
1932,22462,True,Isognomon
1933,22463,False,Isognomon
1934,22464,True,Isognomon
1935,22465,True,Isognomon
1936,22466,True,Isognomon
1937,22467,True,Isognomon
1938,70645,False,Irus
1939,70646,False,Irus
1940,62623,True,Iridona
1941,62624,False,Iridona
1942,62625,True,Iridona
1943,18107,True,Iphigenia
1944,18108,True,Iphigenia
1945,18109,True,Iphigenia
1946,18110,False,Iphigenia
1947,18111,False,Iphigenia
1948,18112,True,Iphigenia
1949,18113,False,Iphigenia
1950,18114,False,Iphigenia
1951,18115,True,Iphigenia
1952,18116,False,Iphigenia
1953,18117,True,Iphigenia
1954,18118,True,Iphigenia
1955,18119,False,Iphigenia
1956,18120,False,Iphigenia
1957,18121,True,Iphigenia
1958,18122,False,Iphigenia
1959,18123,False,Iphigenia
1960,18124,True,Iphigenia
1961,18125,False,Iphigenia
1962,18126,False,Iphigenia
1963,18127,True,Iphigenia
1964,18128,True,Iphigenia
1965,18129,False,Iphigenia
1966,18130,False,Iphigenia
1967,18131,True,Iphigenia
1968,15110,False,Indocrassatella
1969,15111,True,Indocrassatella
1970,15112,False,Indocrassatella
1971,15113,False,Indocrassatella
1972,34575,False,Idas
1973,34576,True,Idas
1974,57375,False,Iacra
1975,57376,True,Iacra
1976,57377,True,Iacra
1977,57378,True,Iacra
1978,57379,True,Iacra
1979,57380,True,Iacra
1980,57381,True,Iacra
1981,70524,False,Hysteroconcha
1982,70525,False,Hysteroconcha
1983,70526,False,Hysteroconcha
1984,70527,False,Hysteroconcha
1985,70528,False,Hysteroconcha
1986,70529,False,Hysteroconcha
1987,70530,False,Hysteroconcha
1988,70531,True,Hysteroconcha
1989,70532,False,Hysteroconcha
1990,70533,False,Hysteroconcha
1991,70534,True,Hysteroconcha
1992,70535,False,Hysteroconcha
1993,70536,False,Hysteroconcha
1994,70537,False,Hysteroconcha
1995,70538,False,Hysteroconcha
1996,70539,True,Hysteroconcha
1997,70540,False,Hysteroconcha
1998,70541,True,Hysteroconcha
1999,70542,True,Hysteroconcha
2000,70543,False,Hysteroconcha
2001,70544,False,Hysteroconcha
2002,70545,False,Hysteroconcha
2003,70546,False,Hysteroconcha
2004,70547,False,Hysteroconcha
2005,70548,False,Hysteroconcha
2006,70549,False,Hysteroconcha
2007,70550,True,Hysteroconcha
2008,70551,False,Hysteroconcha
2009,70552,False,Hysteroconcha
2010,70553,False,Hysteroconcha
2011,70554,False,Hysteroconcha
2012,70555,False,Hysteroconcha
2013,70556,False,Hysteroconcha
2014,70557,False,Hysteroconcha
2015,70558,False,Hysteroconcha
2016,70559,False,Hysteroconcha
2017,70560,False,Hysteroconcha
2018,70561,False,Hysteroconcha
2019,70562,False,Hysteroconcha
2020,70563,False,Hysteroconcha
2021,70564,False,Hysteroconcha
2022,70565,False,Hysteroconcha
2023,70566,False,Hysteroconcha
2024,70567,False,Hysteroconcha
2025,70568,False,Hysteroconcha
2026,70569,False,Hysteroconcha
2027,70412,True,Hyphantosoma
2028,70413,True,Hyphantosoma
2029,21415,False,Hyotissa
2030,21416,True,Hyotissa
2031,21417,True,Hyotissa
2032,21418,True,Hyotissa
2033,21419,False,Hyotissa
2034,21420,False,Hyotissa
2035,21421,True,Hyotissa
2036,21422,False,Hyotissa
2037,21423,False,Hyotissa
2038,21424,True,Hyotissa
2039,21425,False,Hyotissa
2040,45988,False,Hyalopecten
2041,45989,False,Hyalopecten
2042,37871,False,Huxleyia
2043,37872,False,Huxleyia
2044,37873,False,Huxleyia
2045,8608,True,Hippopus
2046,56203,True,Hiatula
2047,56204,True,Hiatula
2048,56205,True,Hiatula
2049,56206,False,Hiatula
2050,56207,False,Hiatula
2051,56208,True,Hiatula
2052,21825,True,Hiatella
2053,21826,True,Hiatella
2054,21827,True,Hiatella
2055,21828,True,Hiatella
2056,21829,True,Hiatella
2057,21830,True,Hiatella
2058,21831,True,Hiatella
2059,21832,True,Hiatella
2060,21833,True,Hiatella
2061,21834,True,Hiatella
2062,21835,True,Hiatella
2063,21836,True,Hiatella
2064,21837,True,Hiatella
2065,21838,True,Hiatella
2066,21839,True,Hiatella
2067,21840,True,Hiatella
2068,21841,True,Hiatella
2069,21842,False,Hiatella
2070,21843,True,Hiatella
2071,21844,False,Hiatella
2072,21845,False,Hiatella
2073,55921,True,Heterodonax
2074,55922,False,Heterodonax
2075,21596,True,Hemidonax
2076,21597,True,Hemidonax
2077,4168,False,Hawaiarca
2078,4169,False,Hawaiarca
2079,45954,False,Haumea
2080,45955,False,Haumea
2081,45956,False,Haumea
2082,45957,False,Haumea
2083,62467,False,Hanleyanus
2084,62468,True,Hanleyanus
2085,62469,True,Hanleyanus
2086,72723,True,Haliris
2087,72724,False,Haliris
2088,72709,False,Halicardia
2089,72710,False,Halicardia
2090,72711,False,Halicardia
2091,72712,False,Halicardia
2092,34427,False,Gregariella
2093,34428,True,Gregariella
2094,34429,False,Gregariella
2095,34430,False,Gregariella
2096,34431,False,Gregariella
2097,34432,True,Gregariella
2098,34433,True,Gregariella
2099,34434,True,Gregariella
2100,34435,False,Gregariella
2101,70360,True,Gouldia
2102,70361,False,Gouldia
2103,70362,True,Gouldia
2104,70363,False,Gouldia
2105,70364,False,Gouldia
2106,70365,False,Gouldia
2107,70366,False,Gouldia
2108,70367,False,Gouldia
2109,70368,False,Gouldia
2110,70369,False,Gouldia
2111,70370,False,Gouldia
2112,70371,False,Gouldia
2113,70372,True,Gouldia
2114,70373,True,Gouldia
2115,5549,False,Goodallia
2116,5550,True,Goodallia
2117,5551,False,Goodallia
2118,27141,True,Gonimyrtea
2119,27142,True,Gonimyrtea
2120,27131,False,Gloverina
2121,27132,False,Gloverina
2122,27133,False,Gloverina
2123,27134,True,Gloverina
2124,18854,True,Glossocardia
2125,18855,True,Glossocardia
2126,18856,True,Glossocardia
2127,18857,True,Glossocardia
2128,18858,True,Glossocardia
2129,18859,False,Glossocardia
2130,18860,True,Glossocardia
2131,18861,True,Glossocardia
2132,18862,True,Glossocardia
2133,45906,True,Gloripallium
2134,45907,False,Gloripallium
2135,45732,True,Glorichlamys
2136,45733,True,Glorichlamys
2137,45734,True,Glorichlamys
2138,45735,False,Glorichlamys
2139,45736,True,Glorichlamys
2140,45737,True,Glorichlamys
2141,45738,True,Glorichlamys
2142,45739,True,Glorichlamys
2143,45740,True,Glorichlamys
2144,70339,True,Globivenus
2145,18754,True,Glauconome
2146,18755,False,Glauconome
2147,18756,True,Glauconome
2148,18757,True,Glauconome
2149,18758,False,Glauconome
2150,18759,True,Glauconome
2151,18760,True,Glauconome
2152,18761,False,Glauconome
2153,18762,True,Glauconome
2154,18763,False,Glauconome
2155,18764,True,Glauconome
2156,12385,False,Glans
2157,12386,False,Glans
2158,12387,False,Glans
2159,12388,False,Glans
2160,12389,False,Glans
2161,12390,False,Glans
2162,12391,False,Glans
2163,34386,False,Gigantidas
2164,34387,True,Gigantidas
2165,34388,False,Gigantidas
2166,34389,False,Gigantidas
2167,34390,False,Gigantidas
2168,34381,True,Geukensia
2169,34382,False,Geukensia
2170,34383,True,Geukensia
2171,34384,True,Geukensia
2172,34385,False,Geukensia
2173,16526,True,Geloina
2174,16527,False,Geloina
2175,16528,False,Geloina
2176,16529,True,Geloina
2177,18668,True,Gastrochaena
2178,62454,True,Gastrana
2179,62455,True,Gastrana
2180,62456,True,Gastrana
2181,62457,True,Gastrana
2182,18467,True,Galeomma
2183,18468,True,Galeomma
2184,18445,False,Gaimardia
2185,18446,True,Gaimardia
2186,18447,False,Gaimardia
2187,70243,False,Gafrarium
2188,70244,True,Gafrarium
2189,70245,False,Gafrarium
2190,70246,True,Gafrarium
2191,8505,False,Fulvia
2192,8506,False,Fulvia
2193,8507,False,Fulvia
2194,4100,False,Fugleria
2195,4101,False,Fugleria
2196,4102,True,Fugleria
2197,4103,True,Fugleria
2198,4104,False,Fugleria
2199,4105,True,Fugleria
2200,4106,False,Fugleria
2201,8168,True,Frigidocardium
2202,8169,False,Frigidocardium
2203,8170,True,Frigidocardium
2204,8171,True,Frigidocardium
2205,8172,False,Frigidocardium
2206,8173,True,Frigidocardium
2207,8174,True,Frigidocardium
2208,8175,True,Frigidocardium
2209,8176,False,Frigidocardium
2210,8177,True,Frigidocardium
2211,8178,True,Frigidocardium
2212,8179,True,Frigidocardium
2213,8180,True,Frigidocardium
2214,8181,True,Frigidocardium
2215,41266,False,Frenamya
2216,41267,False,Frenamya
2217,41268,False,Frenamya
2218,41269,False,Frenamya
2219,7930,True,Fragum
2220,7931,True,Fragum
2221,7932,True,Fragum
2222,7933,False,Fragum
2223,45647,True,Flexopecten
2224,45648,False,Flexopecten
2225,45649,False,Flexopecten
2226,45650,False,Flexopecten
2227,45651,False,Flexopecten
2228,45652,False,Flexopecten
2229,45653,True,Flexopecten
2230,45654,True,Flexopecten
2231,45655,True,Flexopecten
2232,45656,True,Flexopecten
2233,45657,True,Flexopecten
2234,45658,True,Flexopecten
2235,45659,True,Flexopecten
2236,45660,False,Flexopecten
2237,45661,True,Flexopecten
2238,45662,True,Flexopecten
2239,45663,False,Flexopecten
2240,45664,True,Flexopecten
2241,45665,False,Flexopecten
2242,45666,True,Flexopecten
2243,45667,True,Flexopecten
2244,45668,True,Flexopecten
2245,45669,False,Flexopecten
2246,45670,False,Flexopecten
2247,45671,True,Flexopecten
2248,45672,True,Flexopecten
2249,45673,True,Flexopecten
2250,45674,False,Flexopecten
2251,45675,True,Flexopecten
2252,45676,True,Flexopecten
2253,45677,False,Flexopecten
2254,45678,True,Flexopecten
2255,45679,False,Flexopecten
2256,45680,True,Flexopecten
2257,45681,True,Flexopecten
2258,45682,False,Flexopecten
2259,45683,True,Flexopecten
2260,45684,True,Flexopecten
2261,45685,True,Flexopecten
2262,45686,True,Flexopecten
2263,45687,True,Flexopecten
2264,45688,False,Flexopecten
2265,27092,True,Fimbria
2266,27093,True,Fimbria
2267,27094,False,Fimbria
2268,27095,True,Fimbria
2269,27096,True,Fimbria
2270,27097,True,Fimbria
2271,27098,True,Fimbria
2272,27099,True,Fimbria
2273,27100,False,Fimbria
2274,27101,False,Fimbria
2275,27102,False,Fimbria
2276,27103,False,Fimbria
2277,27104,False,Fimbria
2278,27105,False,Fimbria
2279,27106,True,Fimbria
2280,27107,False,Fimbria
2281,27108,False,Fimbria
2282,27109,False,Fimbria
2283,27110,True,Fimbria
2284,27111,True,Fimbria
2285,27012,False,Ferrocina
2286,27013,True,Ferrocina
2287,27014,False,Ferrocina
2288,27015,False,Ferrocina
2289,67672,False,Felaniella
2290,67673,True,Felaniella
2291,67674,True,Felaniella
2292,67675,False,Felaniella
2293,67676,False,Felaniella
2294,67677,False,Felaniella
2295,67678,True,Felaniella
2296,67679,True,Felaniella
2297,62239,True,Exotica
2298,62240,False,Exotica
2299,23481,False,Exolaternula
2300,23482,False,Exolaternula
2301,23483,False,Exolaternula
2302,23484,False,Exolaternula
2303,23485,False,Exolaternula
2304,23486,False,Exolaternula
2305,23487,False,Exolaternula
2306,23488,True,Exolaternula
2307,23489,False,Exolaternula
2308,23490,False,Exolaternula
2309,23491,False,Exolaternula
2310,23492,True,Exolaternula
2311,23493,False,Exolaternula
2312,23494,False,Exolaternula
2313,23495,False,Exolaternula
2314,23496,False,Exolaternula
2315,23497,True,Exolaternula
2316,23498,False,Exolaternula
2317,23499,False,Exolaternula
2318,23500,False,Exolaternula
2319,23501,False,Exolaternula
2320,44733,False,Excellichlamys
2321,44734,True,Excellichlamys
2322,44735,True,Excellichlamys
2323,44736,False,Excellichlamys
2324,44737,False,Excellichlamys
2325,44738,True,Excellichlamys
2326,44739,True,Excellichlamys
2327,44740,False,Excellichlamys
2328,44741,False,Excellichlamys
2329,44742,True,Excellichlamys
2330,44743,False,Excellichlamys
2331,44744,False,Excellichlamys
2332,44745,True,Excellichlamys
2333,44746,True,Excellichlamys
2334,44747,True,Excellichlamys
2335,44748,False,Excellichlamys
2336,44749,True,Excellichlamys
2337,44750,False,Excellichlamys
2338,44751,True,Excellichlamys
2339,44752,True,Excellichlamys
2340,44753,True,Excellichlamys
2341,44754,True,Excellichlamys
2342,44755,True,Excellichlamys
2343,44756,False,Excellichlamys
2344,44757,False,Excellichlamys
2345,44758,False,Excellichlamys
2346,44759,False,Excellichlamys
2347,44760,True,Excellichlamys
2348,44761,True,Excellichlamys
2349,44762,True,Excellichlamys
2350,44763,True,Excellichlamys
2351,44764,True,Excellichlamys
2352,44765,True,Excellichlamys
2353,44629,True,Euvola
2354,44630,True,Euvola
2355,44631,True,Euvola
2356,44632,True,Euvola
2357,44633,True,Euvola
2358,44634,False,Euvola
2359,44635,False,Euvola
2360,44636,True,Euvola
2361,44637,True,Euvola
2362,62222,False,Eurytellina
2363,62223,False,Eurytellina
2364,62224,True,Eurytellina
2365,7700,True,Europicardium
2366,7701,True,Europicardium
2367,7702,False,Europicardium
2368,7703,False,Europicardium
2369,7704,True,Europicardium
2370,7705,True,Europicardium
2371,7706,False,Europicardium
2372,7707,False,Europicardium
2373,7708,False,Europicardium
2374,7709,True,Europicardium
2375,7710,True,Europicardium
2376,70161,False,Eurhomalea
2377,70162,True,Eurhomalea
2378,70163,True,Eurhomalea
2379,70142,True,Eumarcia
2380,70143,False,Eumarcia
2381,70144,True,Eumarcia
2382,70145,True,Eumarcia
2383,70146,True,Eumarcia
2384,70147,True,Eumarcia
2385,15048,False,Eucrassatella
2386,15049,False,Eucrassatella
2387,15050,True,Eucrassatella
2388,15051,False,Eucrassatella
2389,15052,False,Eucrassatella
2390,15053,False,Eucrassatella
2391,15054,False,Eucrassatella
2392,26978,True,Euanodontia
2393,26979,True,Euanodontia
2394,26980,True,Euanodontia
2395,26981,True,Euanodontia
2396,37527,False,Estellacar
2397,57371,False,Ervilia
2398,57372,True,Ervilia
2399,22715,False,Epilepton
2400,22716,True,Epilepton
2401,26899,False,Epicodakia
2402,28879,False,Entodesma
2403,28880,False,Entodesma
2404,28881,False,Entodesma
2405,28882,False,Entodesma
2406,28883,False,Entodesma
2407,51361,True,Ensis
2408,51362,False,Ensis
2409,51363,True,Ensis
2410,51169,True,Ensiculus
2411,51170,False,Ensiculus
2412,51171,False,Ensiculus
2413,51172,False,Ensiculus
2414,51173,False,Ensiculus
2415,51174,True,Ensiculus
2416,51175,True,Ensiculus
2417,51176,True,Ensiculus
2418,51177,True,Ensiculus
2419,51178,False,Ensiculus
2420,51179,False,Ensiculus
2421,51180,False,Ensiculus
2422,51181,False,Ensiculus
2423,51182,False,Ensiculus
2424,51183,False,Ensiculus
2425,51184,False,Ensiculus
2426,51185,False,Ensiculus
2427,51186,True,Ensiculus
2428,51187,False,Ensiculus
2429,51188,False,Ensiculus
2430,51189,True,Ensiculus
2431,26819,False,Elliptiolucina
2432,26820,True,Elliptiolucina
2433,26821,True,Elliptiolucina
2434,26822,False,Elliptiolucina
2435,72864,True,Ectenagena
2436,72865,True,Ectenagena
2437,72866,True,Ectenagena
2438,72867,False,Ectenagena
2439,29187,True,Eastonia
2440,29188,True,Eastonia
2441,29189,False,Eastonia
2442,29190,False,Eastonia
2443,29191,True,Eastonia
2444,29192,True,Eastonia
2445,29193,True,Eastonia
2446,29194,True,Eastonia
2447,29195,False,Eastonia
2448,29196,True,Eastonia
2449,29197,False,Eastonia
2450,29198,False,Eastonia
2451,29199,False,Eastonia
2452,29200,False,Eastonia
2453,26788,False,Easmithia
2454,26789,True,Easmithia
2455,26790,False,Easmithia
2456,26791,True,Easmithia
2457,26792,False,Easmithia
2458,26793,False,Easmithia
2459,26794,False,Easmithia
2460,26795,False,Easmithia
2461,26771,False,Dulcina
2462,26772,False,Dulcina
2463,26773,False,Dulcina
2464,26774,False,Dulcina
2465,24184,True,Divarilima
2466,24185,False,Divarilima
2467,26692,False,Divaricella
2468,26693,False,Divaricella
2469,26673,False,Divalucina
2470,26550,True,Divalinga
2471,26551,False,Divalinga
2472,26539,False,Discolucina
2473,26540,False,Discolucina
2474,67634,True,Diplodonta
2475,67635,True,Diplodonta
2476,67636,True,Diplodonta
2477,67637,True,Diplodonta
2478,16647,False,Dimyella
2479,16648,False,Dimyella
2480,16642,False,Dimya
2481,16643,False,Dimya
2482,53835,False,Dermatomya
2483,53836,False,Dermatomya
2484,53837,False,Dermatomya
2485,53838,False,Dermatomya
2486,40516,True,Dendostrea
2487,40517,True,Dendostrea
2488,40518,False,Dendostrea
2489,40519,True,Dendostrea
2490,40520,False,Dendostrea
2491,40521,False,Dendostrea
2492,40522,True,Dendostrea
2493,40523,False,Dendostrea
2494,44349,True,Delectopecten
2495,44350,False,Delectopecten
2496,44231,False,Decatopecten
2497,44232,False,Decatopecten
2498,44233,False,Decatopecten
2499,44234,True,Decatopecten
2500,44235,False,Decatopecten
2501,44236,False,Decatopecten
2502,44237,True,Decatopecten
2503,7615,True,Dallocardia
2504,7616,True,Dallocardia
2505,7617,True,Dallocardia
2506,7618,True,Dallocardia
2507,7619,True,Dallocardia
2508,7620,True,Dallocardia
2509,7621,True,Dallocardia
2510,7622,False,Dallocardia
2511,7623,False,Dallocardia
2512,7624,False,Dallocardia
2513,7625,False,Dallocardia
2514,7626,False,Dallocardia
2515,7627,True,Dallocardia
2516,34295,False,Dacrydium
2517,52254,True,Cyrtopleura
2518,52255,False,Cyrtopleura
2519,52256,True,Cyrtopleura
2520,21627,True,Cyrtodaria
2521,61963,True,Cymatoica
2522,61964,False,Cymatoica
2523,61965,True,Cymatoica
2524,61966,True,Cymatoica
2525,61863,True,Cyclotellina
2526,61864,True,Cyclotellina
2527,61865,True,Cyclotellina
2528,61866,True,Cyclotellina
2529,61867,True,Cyclotellina
2530,61868,True,Cyclotellina
2531,61869,True,Cyclotellina
2532,61870,True,Cyclotellina
2533,61871,True,Cyclotellina
2534,61872,True,Cyclotellina
2535,61873,True,Cyclotellina
2536,61874,True,Cyclotellina
2537,61875,True,Cyclotellina
2538,61876,False,Cyclotellina
2539,61877,True,Cyclotellina
2540,61878,False,Cyclotellina
2541,61879,True,Cyclotellina
2542,61880,False,Cyclotellina
2543,61881,True,Cyclotellina
2544,61882,True,Cyclotellina
2545,61883,True,Cyclotellina
2546,61884,True,Cyclotellina
2547,61885,True,Cyclotellina
2548,61886,False,Cyclotellina
2549,61887,True,Cyclotellina
2550,61888,True,Cyclotellina
2551,61889,True,Cyclotellina
2552,61890,True,Cyclotellina
2553,61891,True,Cyclotellina
2554,61892,True,Cyclotellina
2555,61893,True,Cyclotellina
2556,61894,True,Cyclotellina
2557,61895,True,Cyclotellina
2558,61896,True,Cyclotellina
2559,61897,True,Cyclotellina
2560,61898,True,Cyclotellina
2561,61899,False,Cyclotellina
2562,61900,True,Cyclotellina
2563,61901,False,Cyclotellina
2564,61902,False,Cyclotellina
2565,61903,False,Cyclotellina
2566,61904,True,Cyclotellina
2567,61905,True,Cyclotellina
2568,61906,False,Cyclotellina
2569,54080,False,Cyclopecten
2570,54081,False,Cyclopecten
2571,54082,True,Cyclopecten
2572,54083,True,Cyclopecten
2573,29139,True,Cyclomactra
2574,29140,True,Cyclomactra
2575,29141,False,Cyclomactra
2576,29142,True,Cyclomactra
2577,29143,False,Cyclomactra
2578,12243,False,Cyclocardia
2579,12244,False,Cyclocardia
2580,12245,False,Cyclocardia
2581,12246,False,Cyclocardia
2582,69752,True,Cyclinella
2583,69753,True,Cyclinella
2584,69723,False,Cyclina
2585,69724,True,Cyclina
2586,66469,False,Cyathodonta
2587,66470,False,Cyathodonta
2588,12176,False,Cuna
2589,12177,False,Cuna
2590,12178,False,Cuna
2591,57300,True,Cumingia
2592,57301,False,Cumingia
2593,51115,True,Cultellus
2594,24131,False,Ctenoides
2595,24132,True,Ctenoides
2596,24133,False,Ctenoides
2597,24134,False,Ctenoides
2598,24135,False,Ctenoides
2599,24136,True,Ctenoides
2600,24137,False,Ctenoides
2601,24138,True,Ctenoides
2602,24139,True,Ctenoides
2603,24140,False,Ctenoides
2604,24141,True,Ctenoides
2605,24142,False,Ctenoides
2606,24143,False,Ctenoides
2607,24144,True,Ctenoides
2608,24145,False,Ctenoides
2609,24146,False,Ctenoides
2610,24147,False,Ctenoides
2611,24148,False,Ctenoides
2612,24149,True,Ctenoides
2613,24150,False,Ctenoides
2614,24151,True,Ctenoides
2615,24152,False,Ctenoides
2616,24153,False,Ctenoides
2617,24154,True,Ctenoides
2618,24155,False,Ctenoides
2619,24156,False,Ctenoides
2620,24157,False,Ctenoides
2621,24158,False,Ctenoides
2622,24159,False,Ctenoides
2623,24160,False,Ctenoides
2624,24161,False,Ctenoides
2625,24162,False,Ctenoides
2626,24163,True,Ctenoides
2627,24164,False,Ctenoides
2628,24165,True,Ctenoides
2629,24166,False,Ctenoides
2630,24167,False,Ctenoides
2631,24168,False,Ctenoides
2632,24169,True,Ctenoides
2633,24170,False,Ctenoides
2634,24171,True,Ctenoides
2635,24172,False,Ctenoides
2636,24173,True,Ctenoides
2637,24174,False,Ctenoides
2638,24175,False,Ctenoides
2639,24176,False,Ctenoides
2640,24177,False,Ctenoides
2641,24178,False,Ctenoides
2642,24179,False,Ctenoides
2643,24180,False,Ctenoides
2644,7362,True,Ctenocardia
2645,7363,True,Ctenocardia
2646,7364,True,Ctenocardia
2647,7365,True,Ctenocardia
2648,7366,False,Ctenocardia
2649,7367,True,Ctenocardia
2650,7368,False,Ctenocardia
2651,7369,True,Ctenocardia
2652,7370,False,Ctenocardia
2653,7371,True,Ctenocardia
2654,7372,True,Ctenocardia
2655,7373,True,Ctenocardia
2656,7374,False,Ctenocardia
2657,7375,True,Ctenocardia
2658,7376,True,Ctenocardia
2659,7377,False,Ctenocardia
2660,7378,True,Ctenocardia
2661,7379,False,Ctenocardia
2662,7380,True,Ctenocardia
2663,7381,True,Ctenocardia
2664,7382,False,Ctenocardia
2665,7383,True,Ctenocardia
2666,7384,True,Ctenocardia
2667,7385,True,Ctenocardia
2668,26536,False,Ctena
2669,26537,True,Ctena
2670,26538,True,Ctena
2671,26297,False,Cryptophysema
2672,26298,False,Cryptophysema
2673,44033,True,Cryptopecten
2674,44034,False,Cryptopecten
2675,44035,True,Cryptopecten
2676,44036,False,Cryptopecten
2677,44037,True,Cryptopecten
2678,44038,False,Cryptopecten
2679,44039,False,Cryptopecten
2680,44040,False,Cryptopecten
2681,44041,False,Cryptopecten
2682,44042,True,Cryptopecten
2683,44043,False,Cryptopecten
2684,44044,False,Cryptopecten
2685,44045,False,Cryptopecten
2686,44046,True,Cryptopecten
2687,32573,True,Cryptomya
2688,15005,False,Crenocrassatella
2689,15006,False,Crenocrassatella
2690,15007,False,Crenocrassatella
2691,15008,True,Crenocrassatella
2692,15009,True,Crenocrassatella
2693,15010,False,Crenocrassatella
2694,15011,True,Crenocrassatella
2695,34213,True,Crenella
2696,40298,False,Crassostrea
2697,40299,False,Crassostrea
2698,40300,False,Crassostrea
2699,14958,False,Crassinella
2700,14959,False,Crassinella
2701,14960,False,Crassinella
2702,14961,False,Crassinella
2703,14905,True,Crassatina
2704,14906,False,Crassatina
2705,14907,True,Crassatina
2706,14908,False,Crassatina
2707,14871,False,Crassatella
2708,14872,False,Crassatella
2709,14873,False,Crassatella
2710,12150,False,Crassacuna
2711,12151,False,Crassacuna
2712,12152,False,Crassacuna
2713,12153,False,Crassacuna
2714,12154,False,Crassacuna
2715,69700,True,Costellipitar
2716,69701,False,Costellipitar
2717,69702,True,Costellipitar
2718,69703,True,Costellipitar
2719,12143,False,Coripia
2720,12144,False,Coripia
2721,12145,False,Coripia
2722,12146,False,Coripia
2723,12147,True,Coripia
2724,12148,False,Coripia
2725,12149,False,Coripia
2726,7283,True,Corculum
2727,7284,True,Corculum
2728,7285,True,Corculum
2729,16330,False,Corbicula
2730,16331,True,Corbicula
2731,16332,True,Corbicula
2732,67309,True,Coralliophaga
2733,67310,True,Coralliophaga
2734,67311,True,Coralliophaga
2735,67312,True,Coralliophaga
2736,67313,True,Coralliophaga
2737,67314,True,Coralliophaga
2738,67315,True,Coralliophaga
2739,67316,True,Coralliophaga
2740,67317,True,Coralliophaga
2741,67318,True,Coralliophaga
2742,67319,True,Coralliophaga
2743,67320,False,Coralliophaga
2744,69674,True,Cooperella
2745,69675,False,Cooperella
2746,69676,True,Cooperella
2747,69677,True,Cooperella
2748,69678,False,Cooperella
2749,69679,True,Cooperella
2750,69680,False,Cooperella
2751,66973,True,Conchocele
2752,26198,True,Codakia
2753,26199,True,Codakia
2754,26200,False,Codakia
2755,26201,True,Codakia
2756,50972,False,Cochlodesma
2757,50973,False,Cochlodesma
2758,50974,False,Cochlodesma
2759,50975,False,Cochlodesma
2760,61862,False,Coanyax
2761,41242,False,Clidiophora
2762,41243,False,Clidiophora
2763,69639,False,Clausinella
2764,69640,True,Clausinella
2765,61833,False,Clathrotellina
2766,61834,True,Clathrotellina
2767,61835,True,Clathrotellina
2768,61836,True,Clathrotellina
2769,61837,True,Clathrotellina
2770,61838,False,Clathrotellina
2771,61839,False,Clathrotellina
2772,61840,True,Clathrotellina
2773,61841,False,Clathrotellina
2774,61842,True,Clathrotellina
2775,61843,False,Clathrotellina
2776,61844,True,Clathrotellina
2777,61845,True,Clathrotellina
2778,61846,True,Clathrotellina
2779,61847,True,Clathrotellina
2780,61848,True,Clathrotellina
2781,61849,True,Clathrotellina
2782,61850,False,Clathrotellina
2783,61851,False,Clathrotellina
2784,69592,True,Circenita
2785,69593,True,Circenita
2786,69585,False,Circe
2787,69586,True,Circe
2788,34162,False,Ciboticola
2789,34163,False,Ciboticola
2790,34149,True,Choromytilus
2791,34150,True,Choromytilus
2792,34151,True,Choromytilus
2793,34152,True,Choromytilus
2794,34153,False,Choromytilus
2795,34154,True,Choromytilus
2796,34155,False,Choromytilus
2797,34156,False,Choromytilus
2798,69508,False,Choristodon
2799,69509,True,Choristodon
2800,43766,True,Chlamys
2801,43767,True,Chlamys
2802,43768,True,Chlamys
2803,43769,True,Chlamys
2804,43770,True,Chlamys
2805,43771,False,Chlamys
2806,43772,False,Chlamys
2807,43773,False,Chlamys
2808,43774,True,Chlamys
2809,43775,False,Chlamys
2810,43776,False,Chlamys
2811,43777,False,Chlamys
2812,43778,False,Chlamys
2813,43779,False,Chlamys
2814,43780,False,Chlamys
2815,43781,True,Chlamys
2816,43782,True,Chlamys
2817,43783,False,Chlamys
2818,43784,True,Chlamys
2819,43785,True,Chlamys
2820,43786,True,Chlamys
2821,43787,False,Chlamys
2822,43788,True,Chlamys
2823,43789,False,Chlamys
2824,43790,False,Chlamys
2825,43791,False,Chlamys
2826,43792,False,Chlamys
2827,43793,False,Chlamys
2828,43794,False,Chlamys
2829,43795,True,Chlamys
2830,43796,False,Chlamys
2831,43797,True,Chlamys
2832,43798,False,Chlamys
2833,43799,True,Chlamys
2834,43800,False,Chlamys
2835,43801,True,Chlamys
2836,43802,True,Chlamys
2837,43803,False,Chlamys
2838,43804,False,Chlamys
2839,43805,True,Chlamys
2840,43806,False,Chlamys
2841,43807,False,Chlamys
2842,69496,False,Chionopsis
2843,69497,True,Chionopsis
2844,69420,False,Chioneryx
2845,69421,True,Chioneryx
2846,69422,True,Chioneryx
2847,69325,False,Chione
2848,69326,False,Chione
2849,69327,False,Chione
2850,69328,False,Chione
2851,69329,False,Chione
2852,69330,False,Chione
2853,69331,False,Chione
2854,69332,False,Chione
2855,69333,False,Chione
2856,69334,False,Chione
2857,69335,False,Chione
2858,69336,True,Chione
2859,69337,True,Chione
2860,14808,False,Chattina
2861,14809,False,Chattina
2862,14810,False,Chattina
2863,14811,False,Chattina
2864,14812,False,Chattina
2865,66942,False,Channelaxinus
2866,69108,True,Chamelea
2867,69109,True,Chamelea
2868,69110,True,Chamelea
2869,69111,True,Chamelea
2870,69112,False,Chamelea
2871,69113,False,Chamelea
2872,69114,False,Chamelea
2873,69115,True,Chamelea
2874,69116,False,Chamelea
2875,69117,True,Chamelea
2876,69118,False,Chamelea
2877,69119,False,Chamelea
2878,69120,False,Chamelea
2879,69121,False,Chamelea
2880,69122,True,Chamelea
2881,69123,False,Chamelea
2882,69124,False,Chamelea
2883,69125,True,Chamelea
2884,69126,True,Chamelea
2885,69127,True,Chamelea
2886,69128,True,Chamelea
2887,69129,False,Chamelea
2888,69130,False,Chamelea
2889,69131,True,Chamelea
2890,69132,False,Chamelea
2891,69133,True,Chamelea
2892,69134,False,Chamelea
2893,69135,True,Chamelea
2894,69136,True,Chamelea
2895,69137,False,Chamelea
2896,69138,False,Chamelea
2897,69139,False,Chamelea
2898,69140,False,Chamelea
2899,69141,False,Chamelea
2900,53810,False,Cetomya
2901,53811,True,Cetomya
2902,7033,True,Cerastoderma
2903,7034,True,Cerastoderma
2904,7035,True,Cerastoderma
2905,7036,True,Cerastoderma
2906,7037,False,Cerastoderma
2907,7038,False,Cerastoderma
2908,7039,True,Cerastoderma
2909,7040,True,Cerastoderma
2910,7041,True,Cerastoderma
2911,7042,True,Cerastoderma
2912,7043,True,Cerastoderma
2913,7044,True,Cerastoderma
2914,7045,True,Cerastoderma
2915,7046,True,Cerastoderma
2916,7047,True,Cerastoderma
2917,7048,True,Cerastoderma
2918,7049,True,Cerastoderma
2919,7050,True,Cerastoderma
2920,7051,False,Cerastoderma
2921,7052,True,Cerastoderma
2922,7053,True,Cerastoderma
2923,7054,True,Cerastoderma
2924,7055,True,Cerastoderma
2925,7056,False,Cerastoderma
2926,7057,True,Cerastoderma
2927,7058,True,Cerastoderma
2928,7059,True,Cerastoderma
2929,7060,True,Cerastoderma
2930,7061,True,Cerastoderma
2931,7062,True,Cerastoderma
2932,7063,True,Cerastoderma
2933,7064,False,Cerastoderma
2934,7065,True,Cerastoderma
2935,7066,False,Cerastoderma
2936,7067,False,Cerastoderma
2937,7068,True,Cerastoderma
2938,7069,True,Cerastoderma
2939,7070,False,Cerastoderma
2940,7071,False,Cerastoderma
2941,7072,True,Cerastoderma
2942,7073,True,Cerastoderma
2943,7074,False,Cerastoderma
2944,7075,True,Cerastoderma
2945,7076,True,Cerastoderma
2946,7077,False,Cerastoderma
2947,7078,False,Cerastoderma
2948,7079,False,Cerastoderma
2949,7080,True,Cerastoderma
2950,7081,True,Cerastoderma
2951,7082,True,Cerastoderma
2952,7083,True,Cerastoderma
2953,7084,False,Cerastoderma
2954,7085,False,Cerastoderma
2955,7086,False,Cerastoderma
2956,7087,True,Cerastoderma
2957,7088,False,Cerastoderma
2958,7089,False,Cerastoderma
2959,7090,True,Cerastoderma
2960,7091,False,Cerastoderma
2961,7092,False,Cerastoderma
2962,7093,False,Cerastoderma
2963,7094,False,Cerastoderma
2964,7095,True,Cerastoderma
2965,7096,True,Cerastoderma
2966,7097,True,Cerastoderma
2967,7098,True,Cerastoderma
2968,7099,False,Cerastoderma
2969,7100,False,Cerastoderma
2970,7101,False,Cerastoderma
2971,7102,True,Cerastoderma
2972,7103,False,Cerastoderma
2973,7104,False,Cerastoderma
2974,7105,False,Cerastoderma
2975,7106,False,Cerastoderma
2976,7107,True,Cerastoderma
2977,7108,False,Cerastoderma
2978,7109,True,Cerastoderma
2979,7110,False,Cerastoderma
2980,7111,True,Cerastoderma
2981,7112,True,Cerastoderma
2982,7113,False,Cerastoderma
2983,7114,True,Cerastoderma
2984,7115,False,Cerastoderma
2985,7116,True,Cerastoderma
2986,7117,False,Cerastoderma
2987,7118,False,Cerastoderma
2988,7119,True,Cerastoderma
2989,7120,False,Cerastoderma
2990,7121,True,Cerastoderma
2991,7122,False,Cerastoderma
2992,7123,True,Cerastoderma
2993,7124,False,Cerastoderma
2994,7125,False,Cerastoderma
2995,7126,False,Cerastoderma
2996,7127,False,Cerastoderma
2997,7128,False,Cerastoderma
2998,7129,False,Cerastoderma
2999,7130,True,Cerastoderma
3000,7131,False,Cerastoderma
3001,7132,True,Cerastoderma
3002,7133,False,Cerastoderma
3003,7134,True,Cerastoderma
3004,7135,True,Cerastoderma
3005,7136,True,Cerastoderma
3006,7137,True,Cerastoderma
3007,7138,True,Cerastoderma
3008,7139,True,Cerastoderma
3009,12110,False,Centrocardita
3010,12111,False,Centrocardita
3011,12112,False,Centrocardita
3012,12113,False,Centrocardita
3013,25926,True,Cavilinga
3014,25927,True,Cavilinga
3015,13767,True,Caryocorbula
3016,13768,False,Caryocorbula
3017,13769,True,Caryocorbula
3018,43587,True,Caribachlamys
3019,43588,True,Caribachlamys
3020,43589,True,Caribachlamys
3021,43590,False,Caribachlamys
3022,43591,True,Caribachlamys
3023,43592,True,Caribachlamys
3024,43593,False,Caribachlamys
3025,43594,True,Caribachlamys
3026,43595,True,Caribachlamys
3027,43596,True,Caribachlamys
3028,43597,False,Caribachlamys
3029,43598,False,Caribachlamys
3030,43599,False,Caribachlamys
3031,43600,False,Caribachlamys
3032,43601,True,Caribachlamys
3033,43602,False,Caribachlamys
3034,6860,False,Cardium
3035,6861,False,Cardium
3036,6862,True,Cardium
3037,6863,False,Cardium
3038,6864,False,Cardium
3039,6865,False,Cardium
3040,6866,True,Cardium
3041,6867,True,Cardium
3042,11967,False,Cardites
3043,11968,False,Cardites
3044,11782,False,Carditella
3045,11783,False,Carditella
3046,11758,False,Carditamera
3047,11759,False,Carditamera
3048,11760,False,Carditamera
3049,11761,False,Carditamera
3050,11653,True,Cardita
3051,11654,False,Cardita
3052,15575,True,Cardiomya
3053,15576,False,Cardiomya
3054,15577,False,Cardiomya
3055,15578,False,Cardiomya
3056,15579,False,Cardiomya
3057,25903,True,Cardiolucina
3058,25904,True,Cardiolucina
3059,25905,False,Cardiolucina
3060,25906,True,Cardiolucina
3061,25907,True,Cardiolucina
3062,25908,True,Cardiolucina
3063,25909,False,Cardiolucina
3064,25910,True,Cardiolucina
3065,25911,False,Cardiolucina
3066,25912,False,Cardiolucina
3067,25913,False,Cardiolucina
3068,11256,False,Cardiocardita
3069,11257,False,Cardiocardita
3070,11258,False,Cardiocardita
3071,11259,False,Cardiocardita
3072,11260,True,Cardiocardita
3073,11261,False,Cardiocardita
3074,11262,False,Cardiocardita
3075,11263,True,Cardiocardita
3076,11264,False,Cardiocardita
3077,72845,True,Calyptogena
3078,72846,False,Calyptogena
3079,72847,False,Calyptogena
3080,72848,False,Calyptogena
3081,25688,False,Callucina
3082,25689,True,Callucina
3083,25690,True,Callucina
3084,25691,True,Callucina
3085,25692,True,Callucina
3086,25693,False,Callucina
3087,25694,True,Callucina
3088,25695,True,Callucina
3089,25696,True,Callucina
3090,25697,False,Callucina
3091,25698,True,Callucina
3092,72823,False,Callogonia
3093,72824,True,Callogonia
3094,72825,True,Callogonia
3095,72826,False,Callogonia
3096,4015,True,Calloarca
3097,4016,False,Calloarca
3098,69047,False,Callista
3099,69048,False,Callista
3100,69049,True,Callista
3101,69050,True,Callista
3102,61778,False,Cadella
3103,61779,True,Cadella
3104,61780,True,Cadella
3105,61781,True,Cadella
3106,61782,True,Cadella
3107,61783,True,Cadella
3108,66448,False,Bushia
3109,66449,True,Bushia
3110,43328,False,Bractechlamys
3111,43329,True,Bractechlamys
3112,43330,True,Bractechlamys
3113,33517,False,Botula
3114,33518,False,Botula
3115,33519,False,Botula
3116,33520,False,Botula
3117,33521,False,Botula
3118,22608,False,Borniola
3119,22609,False,Borniola
3120,22566,True,Bornia
3121,22567,False,Bornia
3122,16314,True,Batissa
3123,16315,True,Batissa
3124,14646,False,Bathytormus
3125,14647,False,Bathytormus
3126,14648,False,Bathytormus
3127,14649,False,Bathytormus
3128,61644,False,Bathytellina
3129,61645,False,Bathytellina
3130,15309,False,Bathyneaera
3131,33483,False,Bathymodiolus
3132,3929,False,Bathyarca
3133,3930,False,Bathyarca
3134,3931,False,Bathyarca
3135,3932,True,Bathyarca
3136,68568,False,Bassina
3137,68569,False,Bassina
3138,68570,True,Bassina
3139,68571,False,Bassina
3140,68572,True,Bassina
3141,68573,False,Bassina
3142,68574,False,Bassina
3143,68575,True,Bassina
3144,68576,True,Bassina
3145,68577,True,Bassina
3146,68578,True,Bassina
3147,68579,False,Bassina
3148,68580,True,Bassina
3149,68581,True,Bassina
3150,68582,False,Bassina
3151,61555,True,Bartschicoma
3152,61556,False,Bartschicoma
3153,61557,False,Bartschicoma
3154,61558,True,Bartschicoma
3155,52169,False,Barnea
3156,52170,True,Barnea
3157,52171,True,Barnea
3158,66341,False,Bankia
3159,66342,True,Bankia
3160,43244,True,Azumapecten
3161,43245,True,Azumapecten
3162,58053,True,Azorinus
3163,58054,True,Azorinus
3164,58055,True,Azorinus
3165,58056,True,Azorinus
3166,58057,True,Azorinus
3167,58058,False,Azorinus
3168,58059,True,Azorinus
3169,58060,True,Azorinus
3170,58061,True,Azorinus
3171,58062,True,Azorinus
3172,66902,False,Axinulus
3173,66903,False,Axinulus
3174,66904,True,Axinulus
3175,66905,False,Axinulus
3176,66906,True,Axinulus
3177,66907,False,Axinulus
3178,66908,True,Axinulus
3179,66909,False,Axinulus
3180,66910,True,Axinulus
3181,66911,False,Axinulus
3182,66912,True,Axinulus
3183,66913,False,Axinulus
3184,66914,False,Axinulus
3185,66915,True,Axinulus
3186,66916,False,Axinulus
3187,66917,True,Axinulus
3188,66918,False,Axinulus
3189,66919,False,Axinulus
3190,66920,True,Axinulus
3191,66921,False,Axinulus
3192,66922,True,Axinulus
3193,66819,True,Axinopsida
3194,66820,True,Axinopsida
3195,66821,True,Axinopsida
3196,66822,True,Axinopsida
3197,66823,True,Axinopsida
3198,66824,True,Axinopsida
3199,18457,True,Axinodon
3200,19314,False,Axinactis
3201,19315,True,Axinactis
3202,29002,True,Austromactra
3203,29003,True,Austromactra
3204,29004,True,Austromactra
3205,29005,False,Austromactra
3206,29006,False,Austromactra
3207,29007,True,Austromactra
3208,29008,True,Austromactra
3209,29009,False,Austromactra
3210,29010,False,Austromactra
3211,29011,True,Austromactra
3212,29012,True,Austromactra
3213,29013,False,Austromactra
3214,29014,False,Austromactra
3215,29015,True,Austromactra
3216,29016,True,Austromactra
3217,29017,False,Austromactra
3218,29018,True,Austromactra
3219,29019,True,Austromactra
3220,29020,True,Austromactra
3221,29021,False,Austromactra
3222,61547,False,Austromacoma
3223,61548,True,Austromacoma
3224,61549,False,Austromacoma
3225,61550,True,Austromacoma
3226,61551,True,Austromacoma
3227,61552,False,Austromacoma
3228,61553,True,Austromacoma
3229,61554,True,Austromacoma
3230,33473,True,Aulacomya
3231,33474,True,Aulacomya
3232,33475,True,Aulacomya
3233,33476,False,Aulacomya
3234,33477,False,Aulacomya
3235,33478,True,Aulacomya
3236,33479,True,Aulacomya
3237,33480,True,Aulacomya
3238,33481,False,Aulacomya
3239,66436,True,Asthenothaerus
3240,66437,True,Asthenothaerus
3241,2911,False,Asperarca
3242,2912,False,Asperarca
3243,66815,False,Ascetoaxinus
3244,66816,True,Ascetoaxinus
3245,61484,True,Asbjornsenia
3246,61485,False,Asbjornsenia
3247,61486,False,Asbjornsenia
3248,61487,True,Asbjornsenia
3249,61488,True,Asbjornsenia
3250,61489,True,Asbjornsenia
3251,54895,False,Asaphis
3252,54896,True,Asaphis
3253,54897,True,Asaphis
3254,54898,True,Asaphis
3255,54899,False,Asaphis
3256,54900,False,Asaphis
3257,54901,True,Asaphis
3258,54902,True,Asaphis
3259,54903,True,Asaphis
3260,54904,True,Asaphis
3261,54905,True,Asaphis
3262,54906,True,Asaphis
3263,54907,False,Asaphis
3264,54908,True,Asaphis
3265,54909,True,Asaphis
3266,54910,False,Asaphis
3267,54911,False,Asaphis
3268,54912,False,Asaphis
3269,33397,True,Arvella
3270,33398,True,Arvella
3271,33399,False,Arvella
3272,33400,False,Arvella
3273,22539,False,Arthritica
3274,22540,False,Arthritica
3275,22541,True,Arthritica
3276,43054,True,Argopecten
3277,43055,False,Argopecten
3278,43056,True,Argopecten
3279,43057,False,Argopecten
3280,61427,True,Ardeamya
3281,61428,True,Ardeamya
3282,61429,True,Ardeamya
3283,61430,False,Ardeamya
3284,61431,True,Ardeamya
3285,61432,True,Ardeamya
3286,61433,True,Ardeamya
3287,61434,False,Ardeamya
3288,61435,True,Ardeamya
3289,61436,True,Ardeamya
3290,61437,True,Ardeamya
3291,61438,True,Ardeamya
3292,61439,True,Ardeamya
3293,61440,True,Ardeamya
3294,61441,True,Ardeamya
3295,61442,True,Ardeamya
3296,61443,True,Ardeamya
3297,61444,True,Ardeamya
3298,61445,True,Ardeamya
3299,61446,True,Ardeamya
3300,61447,True,Ardeamya
3301,61448,True,Ardeamya
3302,61449,False,Ardeamya
3303,61450,False,Ardeamya
3304,61451,True,Ardeamya
3305,61452,False,Ardeamya
3306,61453,True,Ardeamya
3307,61454,False,Ardeamya
3308,61455,True,Ardeamya
3309,61456,True,Ardeamya
3310,61457,True,Ardeamya
3311,61458,True,Ardeamya
3312,61459,True,Ardeamya
3313,61460,False,Ardeamya
3314,61461,True,Ardeamya
3315,61462,True,Ardeamya
3316,61463,True,Ardeamya
3317,61464,True,Ardeamya
3318,61465,True,Ardeamya
3319,61466,True,Ardeamya
3320,61467,True,Ardeamya
3321,61468,False,Ardeamya
3322,61469,True,Ardeamya
3323,61470,True,Ardeamya
3324,61471,False,Ardeamya
3325,61472,False,Ardeamya
3326,61473,True,Ardeamya
3327,61474,True,Ardeamya
3328,61475,True,Ardeamya
3329,61476,False,Ardeamya
3330,61477,True,Ardeamya
3331,61478,True,Ardeamya
3332,61479,True,Ardeamya
3333,33335,False,Arcuatula
3334,33336,True,Arcuatula
3335,33337,False,Arcuatula
3336,33338,True,Arcuatula
3337,33339,False,Arcuatula
3338,11083,False,Arcturellina
3339,11084,False,Arcturellina
3340,11085,False,Arcturellina
3341,11086,False,Arcturellina
3342,11087,False,Arcturellina
3343,11088,False,Arcturellina
3344,11089,False,Arcturellina
3345,11090,False,Arcturellina
3346,11091,False,Arcturellina
3347,11092,False,Arcturellina
3348,11093,False,Arcturellina
3349,11094,False,Arcturellina
3350,37457,False,Arcopsis
3351,37458,False,Arcopsis
3352,37459,True,Arcopsis
3353,37460,False,Arcopsis
3354,37461,True,Arcopsis
3355,37462,False,Arcopsis
3356,37463,False,Arcopsis
3357,37464,False,Arcopsis
3358,37465,False,Arcopsis
3359,37466,False,Arcopsis
3360,37467,False,Arcopsis
3361,37468,False,Arcopsis
3362,37469,False,Arcopsis
3363,37470,True,Arcopsis
3364,37471,False,Arcopsis
3365,37472,False,Arcopsis
3366,37473,True,Arcopsis
3367,37474,True,Arcopsis
3368,37475,True,Arcopsis
3369,61357,True,Arcopella
3370,61263,True,Arcopagia
3371,61264,True,Arcopagia
3372,61265,False,Arcopagia
3373,61266,True,Arcopagia
3374,61267,True,Arcopagia
3375,12851,False,Arcinella
3376,12852,True,Arcinella
3377,12853,False,Arcinella
3378,12854,False,Arcinella
3379,12855,True,Arcinella
3380,72809,True,Archivesica
3381,72810,True,Archivesica
3382,72811,True,Archivesica
3383,72812,False,Archivesica
3384,2834,False,Arca
3385,2835,False,Arca
3386,2836,True,Arca
3387,2837,True,Arca
3388,2838,True,Arca
3389,2839,True,Arca
3390,2840,False,Arca
3391,2841,False,Arca
3392,2842,False,Arca
3393,2843,False,Arca
3394,2844,False,Arca
3395,61191,True,Apolymetis
3396,61192,True,Apolymetis
3397,68429,False,Aphrodora
3398,68430,True,Aphrodora
3399,68427,True,Antigona
3400,68428,True,Antigona
3401,605,True,Anomia
3402,606,True,Anomia
3403,607,False,Anomia
3404,608,False,Anomia
3405,609,False,Anomia
3406,610,True,Anomia
3407,611,False,Anomia
3408,68102,True,Anomalocardia
3409,68103,True,Anomalocardia
3410,68104,False,Anomalocardia
3411,68105,True,Anomalocardia
3412,68106,True,Anomalocardia
3413,68107,True,Anomalocardia
3414,68108,True,Anomalocardia
3415,68109,True,Anomalocardia
3416,68110,False,Anomalocardia
3417,68111,False,Anomalocardia
3418,68112,True,Anomalocardia
3419,68113,True,Anomalocardia
3420,68114,True,Anomalocardia
3421,68115,False,Anomalocardia
3422,68116,False,Anomalocardia
3423,68117,False,Anomalocardia
3424,68118,True,Anomalocardia
3425,68119,True,Anomalocardia
3426,68120,False,Anomalocardia
3427,68121,True,Anomalocardia
3428,68122,True,Anomalocardia
3429,68123,False,Anomalocardia
3430,68124,True,Anomalocardia
3431,68125,True,Anomalocardia
3432,25631,False,Anodontia
3433,25632,True,Anodontia
3434,25633,False,Anodontia
3435,42561,False,Annachlamys
3436,42562,False,Annachlamys
3437,42563,False,Annachlamys
3438,42564,True,Annachlamys
3439,42565,True,Annachlamys
3440,42566,False,Annachlamys
3441,42567,False,Annachlamys
3442,42568,True,Annachlamys
3443,42569,False,Annachlamys
3444,42570,True,Annachlamys
3445,42571,True,Annachlamys
3446,42572,False,Annachlamys
3447,42573,True,Annachlamys
3448,42574,False,Annachlamys
3449,42575,True,Annachlamys
3450,42576,True,Annachlamys
3451,42451,False,Anguipecten
3452,42452,True,Anguipecten
3453,33195,True,Amygdalum
3454,33196,True,Amygdalum
3455,33197,True,Amygdalum
3456,33198,True,Amygdalum
3457,33199,True,Amygdalum
3458,33200,False,Amygdalum
3459,12831,False,Amphichama
3460,61172,True,Ameritella
3461,61173,True,Ameritella
3462,61174,True,Ameritella
3463,61175,True,Ameritella
3464,61176,True,Ameritella
3465,61177,True,Ameritella
3466,6767,False,Americardia
3467,6768,True,Americardia
3468,6769,True,Americardia
3469,6770,True,Americardia
3470,68012,True,Ameghinomya
3471,22523,True,Altenaeum
3472,67994,True,Agriopoma
3473,67995,False,Agriopoma
3474,67996,False,Agriopoma
3475,67997,False,Agriopoma
3476,67998,True,Agriopoma
3477,67999,True,Agriopoma
3478,61016,True,Afsharius
3479,61017,True,Afsharius
3480,6732,True,Afrocardium
3481,42335,True,Aequipecten
3482,42336,False,Aequipecten
3483,42337,True,Aequipecten
3484,42338,True,Aequipecten
3485,42339,False,Aequipecten
3486,42340,False,Aequipecten
3487,42341,False,Aequipecten
3488,42342,False,Aequipecten
3489,42343,False,Aequipecten
3490,42344,True,Aequipecten
3491,42345,True,Aequipecten
3492,33157,False,Adula
3493,33158,True,Adula
3494,33159,True,Adula
3495,73403,False,Adrana
3496,73404,False,Adrana
3497,73405,False,Adrana
3498,66809,True,Adontorhina
3499,66810,True,Adontorhina
3500,66811,False,Adontorhina
3501,66812,True,Adontorhina
3502,33141,False,Adipicola
3503,39171,False,Acila
3504,39172,False,Acila
3505,39173,False,Acila
3506,39174,False,Acila
3507,39175,False,Acila
3508,39176,False,Acila
3509,39177,False,Acila
3510,39178,False,Acila
3511,39179,False,Acila
3512,39180,False,Acila
3513,39181,False,Acila
3514,39182,False,Acila
3515,39183,False,Acila
3516,39184,False,Acila
3517,39185,False,Acila
3518,39186,False,Acila
3519,39187,False,Acila
3520,39188,False,Acila
3521,58409,False,Acharax
3522,23817,False,Acesta
3523,23818,False,Acesta
3524,23819,True,Acesta
3525,23820,False,Acesta
3526,1123,False,Acar
3527,1124,True,Acar
3528,5984,False,Acanthocardia
3529,5985,False,Acanthocardia
3530,5986,False,Acanthocardia
3531,5987,True,Acanthocardia
3532,5988,False,Acanthocardia
3533,5989,False,Acanthocardia
3534,5990,False,Acanthocardia
3535,5991,False,Acanthocardia
3536,5992,False,Acanthocardia
3537,5993,False,Acanthocardia
3538,5994,False,Acanthocardia
3539,5995,False,Acanthocardia
3540,5996,False,Acanthocardia
3541,5997,False,Acanthocardia
3542,5998,False,Acanthocardia
3543,5999,False,Acanthocardia
3544,6000,True,Acanthocardia
3545,6001,False,Acanthocardia
3546,6002,True,Acanthocardia
3547,6003,False,Acanthocardia
3548,6004,False,Acanthocardia
3549,6005,False,Acanthocardia
3550,6006,False,Acanthocardia
3551,6007,False,Acanthocardia
3552,6008,False,Acanthocardia
3553,6009,False,Acanthocardia
3554,6010,False,Acanthocardia
3555,6011,False,Acanthocardia
3556,6012,False,Acanthocardia
3557,6013,False,Acanthocardia
3558,6014,False,Acanthocardia
3559,6015,True,Acanthocardia
3560,6016,False,Acanthocardia
3561,61010,False,Abranda
3562,61011,True,Abranda
